prediction_id,village_id,timestamp,flood_probability,flood_severity,expected_level_m,confidence_lower,confidence_upper,time_horizon_hrs,model_version
1,274,2026-02-03 00:00:00,0.571,low,5.2,0.18,0.807,72,v1.0.0
2,79,2026-01-24 00:00:00,0.143,medium,2.23,0.147,0.88,48,v1.0.0
3,305,2026-08-14 00:00:00,0.756,high,1.78,0.151,0.83,24,v1.0.0
4,230,2026-05-23 00:00:00,0.487,high,3.95,0.302,0.624,48,v1.0.0
5,274,2026-01-21 00:00:00,0.766,high,3.02,0.211,0.636,24,v1.0.0
6,95,2026-05-04 00:00:00,0.427,low,4.37,0.245,0.795,48,v1.0.0
7,222,2026-04-09 00:00:00,0.051,extreme,3.53,0.354,0.637,24,v1.0.0
8,78,2026-06-03 00:00:00,0.208,extreme,7.46,0.125,0.778,72,v1.0.0
9,305,2026-08-18 00:00:00,0.949,low,2.79,0.19,0.903,24,v1.0.0
10,49,2026-04-18 00:00:00,0.653,extreme,6.57,0.005,0.76,48,v1.0.0
11,42,2026-07-20 00:00:00,0.803,medium,1.46,0.157,0.724,72,v1.0.0
12,259,2026-04-20 00:00:00,0.952,high,2.69,0.183,0.738,48,v1.0.0
13,203,2026-05-11 00:00:00,0.992,high,2.57,0.114,0.632,48,v1.0.0
14,151,2026-01-13 00:00:00,0.901,low,4.25,0.099,0.999,48,v1.0.0
15,102,2026-04-19 00:00:00,0.309,high,3.26,0.088,0.873,72,v1.0.0
16,272,2026-07-06 00:00:00,0.162,extreme,6.87,0.166,0.601,72,v1.0.0
17,313,2026-08-12 00:00:00,0.219,medium,7.17,0.247,0.618,48,v1.0.0
18,122,2026-06-27 00:00:00,0.461,low,4.44,0.314,0.659,24,v1.0.0
19,156,2026-04-22 00:00:00,0.031,extreme,1.62,0.125,0.821,48,v1.0.0
20,161,2026-06-17 00:00:00,0.029,medium,5.78,0.187,0.941,24,v1.0.0
21,49,2026-08-23 00:00:00,0.552,high,3.7,0.283,0.603,72,v1.0.0
22,26,2026-04-24 00:00:00,0.75,extreme,5.62,0.444,0.606,24,v1.0.0
23,228,2026-04-19 00:00:00,0.64,medium,7.25,0.343,0.994,72,v1.0.0
24,132,2026-02-07 00:00:00,0.655,extreme,7.47,0.216,0.65,24,v1.0.0
25,180,2026-02-14 00:00:00,0.126,extreme,0.75,0.311,0.845,72,v1.0.0
26,294,2026-05-05 00:00:00,0.778,extreme,5.43,0.371,0.765,24,v1.0.0
27,97,2026-07-09 00:00:00,0.683,extreme,5.69,0.065,0.888,24,v1.0.0
28,50,2026-07-15 00:00:00,0.552,low,1.0,0.275,0.877,24,v1.0.0
29,12,2026-01-18 00:00:00,0.99,medium,5.89,0.16,0.903,72,v1.0.0
30,46,2026-05-18 00:00:00,0.163,high,4.39,0.082,0.975,72,v1.0.0
31,294,2026-01-23 00:00:00,0.869,extreme,3.6,0.112,0.937,24,v1.0.0
32,84,2026-04-12 00:00:00,0.532,extreme,7.34,0.221,0.948,24,v1.0.0
33,225,2026-06-07 00:00:00,0.184,low,5.08,0.389,0.709,48,v1.0.0
34,62,2026-03-12 00:00:00,0.164,medium,7.75,0.184,0.9,24,v1.0.0
35,274,2026-07-13 00:00:00,0.713,medium,5.24,0.231,0.682,48,v1.0.0
36,140,2026-02-27 00:00:00,0.317,extreme,3.2,0.403,0.869,72,v1.0.0
37,241,2026-04-11 00:00:00,0.908,medium,7.45,0.3,0.767,24,v1.0.0
38,252,2026-01-28 00:00:00,0.644,low,2.17,0.418,0.892,48,v1.0.0
39,50,2026-02-15 00:00:00,0.214,medium,5.66,0.131,0.766,72,v1.0.0
40,162,2026-03-26 00:00:00,0.983,extreme,0.88,0.007,0.649,24,v1.0.0
41,310,2026-02-26 00:00:00,0.532,low,6.56,0.056,0.858,24,v1.0.0
42,82,2026-08-27 00:00:00,0.063,extreme,7.63,0.329,0.937,48,v1.0.0
43,58,2026-07-24 00:00:00,0.102,extreme,6.8,0.051,0.754,48,v1.0.0
44,142,2026-06-26 00:00:00,0.399,high,0.29,0.457,0.816,72,v1.0.0
45,65,2026-02-01 00:00:00,0.538,medium,2.42,0.369,0.683,24,v1.0.0
46,175,2026-01-10 00:00:00,0.243,low,4.99,0.004,0.909,72,v1.0.0
47,305,2026-03-02 00:00:00,0.04,low,0.39,0.377,0.878,72,v1.0.0
48,253,2026-02-16 00:00:00,0.484,high,6.47,0.242,0.84,48,v1.0.0
49,59,2026-08-24 00:00:00,0.939,high,7.14,0.26,0.914,24,v1.0.0
50,228,2026-05-16 00:00:00,0.29,low,4.57,0.039,0.9,72,v1.0.0
51,273,2026-07-28 00:00:00,0.829,low,0.75,0.389,0.931,72,v1.0.0
52,21,2026-03-16 00:00:00,0.977,low,6.63,0.079,0.773,48,v1.0.0
53,169,2026-03-24 00:00:00,0.087,low,3.72,0.414,0.998,24,v1.0.0
54,223,2026-02-24 00:00:00,0.111,low,7.33,0.457,0.904,24,v1.0.0
55,26,2026-04-24 00:00:00,0.75,low,0.68,0.412,0.936,24,v1.0.0
56,197,2026-01-15 00:00:00,0.427,medium,3.28,0.465,0.75,24,v1.0.0
57,113,2026-07-10 00:00:00,0.704,extreme,3.26,0.428,0.858,24,v1.0.0
58,286,2026-02-07 00:00:00,0.233,high,7.14,0.063,0.859,72,v1.0.0
59,167,2026-04-04 00:00:00,0.671,low,1.43,0.036,0.63,48,v1.0.0
60,245,2026-08-28 00:00:00,0.299,low,3.75,0.101,0.622,72,v1.0.0
61,273,2026-01-28 00:00:00,0.794,high,7.85,0.18,0.955,48,v1.0.0
62,236,2026-06-10 00:00:00,0.513,extreme,5.79,0.162,0.987,72,v1.0.0
63,63,2026-02-01 00:00:00,0.697,low,3.72,0.239,0.679,48,v1.0.0
64,80,2026-04-06 00:00:00,0.902,medium,5.42,0.126,0.787,72,v1.0.0
65,46,2026-01-09 00:00:00,0.899,high,6.03,0.201,0.682,72,v1.0.0
66,148,2026-07-01 00:00:00,0.432,low,5.03,0.251,0.93,24,v1.0.0
67,306,2026-07-12 00:00:00,0.413,high,7.26,0.15,0.888,24,v1.0.0
68,142,2026-06-04 00:00:00,0.869,medium,6.97,0.301,0.662,24,v1.0.0
69,114,2026-02-07 00:00:00,0.134,extreme,5.35,0.28,0.752,48,v1.0.0
70,194,2026-07-02 00:00:00,0.714,medium,3.35,0.212,0.769,24,v1.0.0
71,222,2026-08-27 00:00:00,0.979,high,0.07,0.054,0.713,24,v1.0.0
72,39,2026-03-27 00:00:00,0.718,extreme,4.23,0.285,0.856,48,v1.0.0
73,122,2026-04-09 00:00:00,0.029,low,4.99,0.288,0.86,72,v1.0.0
74,81,2026-08-02 00:00:00,0.406,low,7.03,0.133,0.632,72,v1.0.0
75,51,2026-02-14 00:00:00,0.271,extreme,2.05,0.163,0.778,72,v1.0.0
76,128,2026-06-18 00:00:00,0.853,high,2.22,0.251,0.925,48,v1.0.0
77,289,2026-08-21 00:00:00,0.812,extreme,7.8,0.489,0.779,72,v1.0.0
78,304,2026-07-11 00:00:00,0.244,medium,0.38,0.315,0.971,72,v1.0.0
79,38,2026-04-13 00:00:00,0.252,low,3.95,0.031,0.743,24,v1.0.0
80,241,2026-04-22 00:00:00,0.946,low,0.76,0.222,0.986,72,v1.0.0
81,300,2026-01-18 00:00:00,0.723,medium,6.43,0.072,0.771,72,v1.0.0
82,188,2026-05-19 00:00:00,0.075,extreme,6.67,0.161,0.92,72,v1.0.0
83,32,2026-03-26 00:00:00,0.2,high,1.98,0.354,0.932,72,v1.0.0
84,103,2026-06-11 00:00:00,0.621,high,1.88,0.252,0.901,24,v1.0.0
85,2,2026-01-21 00:00:00,0.735,high,4.94,0.418,0.616,24,v1.0.0
86,35,2026-08-28 00:00:00,0.312,high,0.56,0.08,0.837,48,v1.0.0
87,38,2026-07-28 00:00:00,0.485,medium,4.21,0.29,0.891,48,v1.0.0
88,29,2026-01-05 00:00:00,0.36,medium,2.07,0.051,0.848,48,v1.0.0
89,16,2026-06-12 00:00:00,0.942,extreme,1.89,0.474,0.875,24,v1.0.0
90,265,2026-01-17 00:00:00,0.873,high,0.99,0.27,0.714,72,v1.0.0
91,154,2026-08-25 00:00:00,0.641,high,5.56,0.24,0.648,72,v1.0.0
92,62,2026-07-07 00:00:00,0.097,low,2.44,0.492,0.815,72,v1.0.0
93,196,2026-01-16 00:00:00,0.232,low,4.09,0.086,0.627,24,v1.0.0
94,46,2026-03-10 00:00:00,0.177,extreme,4.11,0.468,0.98,24,v1.0.0
95,214,2026-05-25 00:00:00,0.467,extreme,2.33,0.013,0.693,48,v1.0.0
96,110,2026-05-02 00:00:00,0.091,high,4.53,0.128,0.944,48,v1.0.0
97,117,2026-06-25 00:00:00,0.113,high,5.64,0.446,0.638,72,v1.0.0
98,11,2026-01-22 00:00:00,0.296,extreme,6.76,0.294,0.969,72,v1.0.0
99,294,2026-01-07 00:00:00,0.873,high,0.04,0.324,0.886,72,v1.0.0
100,277,2026-01-19 00:00:00,0.161,high,1.63,0.237,0.716,24,v1.0.0
101,250,2026-06-01 00:00:00,0.237,low,5.69,0.396,0.697,72,v1.0.0
102,59,2026-03-23 00:00:00,0.061,extreme,0.11,0.49,0.81,48,v1.0.0
103,30,2026-07-06 00:00:00,0.777,extreme,2.28,0.42,0.941,24,v1.0.0
104,217,2026-01-21 00:00:00,0.347,high,0.72,0.091,0.953,24,v1.0.0
105,109,2026-07-28 00:00:00,0.899,extreme,3.67,0.172,0.61,48,v1.0.0
106,88,2026-03-07 00:00:00,0.755,medium,8.0,0.285,0.846,72,v1.0.0
107,67,2026-02-08 00:00:00,0.236,medium,0.09,0.276,0.673,48,v1.0.0
108,267,2026-07-20 00:00:00,0.936,medium,0.49,0.245,0.742,48,v1.0.0
109,183,2026-08-11 00:00:00,0.191,extreme,5.25,0.453,0.893,24,v1.0.0
110,298,2026-02-27 00:00:00,0.881,high,0.75,0.419,0.987,72,v1.0.0
111,5,2026-05-12 00:00:00,0.613,high,5.06,0.164,0.893,24,v1.0.0
112,12,2026-03-16 00:00:00,0.231,medium,2.93,0.182,0.735,72,v1.0.0
113,177,2026-08-22 00:00:00,1.0,extreme,5.49,0.113,0.642,24,v1.0.0
114,107,2026-04-28 00:00:00,0.606,medium,1.27,0.032,0.94,72,v1.0.0
115,24,2026-07-24 00:00:00,0.851,extreme,5.35,0.203,0.896,48,v1.0.0
116,132,2026-04-28 00:00:00,0.265,high,6.44,0.396,0.641,24,v1.0.0
117,9,2026-05-10 00:00:00,0.793,medium,0.93,0.386,0.973,24,v1.0.0
118,42,2026-08-17 00:00:00,0.153,extreme,5.18,0.424,0.7,72,v1.0.0
119,245,2026-08-14 00:00:00,0.949,extreme,2.39,0.494,0.93,24,v1.0.0
120,235,2026-02-20 00:00:00,0.843,extreme,5.53,0.414,0.64,72,v1.0.0
121,25,2026-02-25 00:00:00,0.675,high,5.4,0.147,0.883,48,v1.0.0
122,35,2026-04-22 00:00:00,0.739,low,0.28,0.358,0.89,48,v1.0.0
123,186,2026-07-17 00:00:00,0.979,extreme,2.59,0.001,0.758,72,v1.0.0
124,248,2026-03-27 00:00:00,0.243,medium,2.36,0.255,0.93,48,v1.0.0
125,274,2026-01-17 00:00:00,0.35,extreme,1.98,0.021,0.967,48,v1.0.0
126,175,2026-07-08 00:00:00,0.357,extreme,3.06,0.185,0.984,48,v1.0.0
127,102,2026-04-23 00:00:00,0.812,low,4.73,0.29,0.695,48,v1.0.0
128,270,2026-05-03 00:00:00,0.954,extreme,3.4,0.093,0.791,24,v1.0.0
129,227,2026-02-13 00:00:00,0.844,low,7.94,0.217,0.81,72,v1.0.0
130,300,2026-03-15 00:00:00,0.627,medium,7.45,0.17,0.816,72,v1.0.0
131,246,2026-04-17 00:00:00,0.719,low,7.43,0.425,0.855,72,v1.0.0
132,102,2026-08-19 00:00:00,0.782,low,5.49,0.431,0.725,24,v1.0.0
133,70,2026-05-08 00:00:00,0.859,low,4.15,0.175,0.974,24,v1.0.0
134,237,2026-02-27 00:00:00,0.674,medium,6.9,0.125,0.818,72,v1.0.0
135,11,2026-05-03 00:00:00,0.551,high,2.06,0.189,0.741,24,v1.0.0
136,304,2026-08-22 00:00:00,0.082,high,2.66,0.356,0.86,72,v1.0.0
137,45,2026-01-20 00:00:00,0.823,low,5.98,0.458,0.759,72,v1.0.0
138,65,2026-08-14 00:00:00,0.753,low,7.02,0.092,0.786,48,v1.0.0
139,276,2026-01-03 00:00:00,0.39,medium,5.49,0.256,0.977,48,v1.0.0
140,223,2026-02-25 00:00:00,0.261,high,1.77,0.19,0.819,24,v1.0.0
141,195,2026-01-22 00:00:00,0.341,medium,7.74,0.227,0.972,24,v1.0.0
142,133,2026-08-06 00:00:00,0.514,extreme,4.36,0.21,0.704,48,v1.0.0
143,195,2026-07-09 00:00:00,0.851,low,5.44,0.401,0.981,48,v1.0.0
144,224,2026-03-11 00:00:00,0.807,medium,4.83,0.456,0.894,24,v1.0.0
145,275,2026-01-09 00:00:00,0.344,high,2.76,0.18,0.97,48,v1.0.0
146,302,2026-04-25 00:00:00,0.671,low,4.62,0.19,0.738,48,v1.0.0
147,125,2026-08-06 00:00:00,0.588,low,7.14,0.293,0.787,48,v1.0.0
148,187,2026-03-06 00:00:00,0.393,medium,7.23,0.358,0.839,72,v1.0.0
149,174,2026-03-05 00:00:00,0.372,high,0.08,0.473,0.764,24,v1.0.0
150,144,2026-05-06 00:00:00,0.525,low,0.18,0.496,0.896,24,v1.0.0
151,145,2026-07-16 00:00:00,0.064,medium,7.94,0.446,0.621,24,v1.0.0
152,96,2026-03-05 00:00:00,0.07,high,2.79,0.184,0.708,24,v1.0.0
153,267,2026-06-19 00:00:00,0.015,low,1.19,0.174,0.961,24,v1.0.0
154,242,2026-06-21 00:00:00,0.463,high,5.72,0.104,0.947,48,v1.0.0
155,7,2026-02-02 00:00:00,0.289,extreme,5.11,0.241,0.707,48,v1.0.0
156,173,2026-06-20 00:00:00,0.078,high,7.25,0.373,0.753,72,v1.0.0
157,96,2026-08-05 00:00:00,0.476,high,2.69,0.372,0.932,24,v1.0.0
158,106,2026-05-13 00:00:00,0.749,low,1.22,0.213,0.88,72,v1.0.0
159,221,2026-05-19 00:00:00,0.094,high,3.84,0.292,0.908,72,v1.0.0
160,111,2026-02-18 00:00:00,0.778,low,7.27,0.023,0.705,72,v1.0.0
161,259,2026-04-16 00:00:00,0.455,high,6.66,0.346,0.799,24,v1.0.0
162,305,2026-01-15 00:00:00,0.26,high,2.78,0.358,0.605,24,v1.0.0
163,127,2026-08-24 00:00:00,0.903,extreme,6.12,0.067,0.789,48,v1.0.0
164,216,2026-03-15 00:00:00,0.021,extreme,2.38,0.249,0.611,24,v1.0.0
165,284,2026-02-16 00:00:00,0.363,extreme,7.26,0.487,0.963,24,v1.0.0
166,297,2026-08-17 00:00:00,0.107,low,7.36,0.44,0.668,48,v1.0.0
167,260,2026-04-11 00:00:00,0.107,high,1.82,0.171,0.614,48,v1.0.0
168,209,2026-08-23 00:00:00,0.181,high,2.17,0.191,0.604,24,v1.0.0
169,219,2026-04-08 00:00:00,0.307,low,5.69,0.217,0.702,72,v1.0.0
170,256,2026-08-18 00:00:00,0.423,medium,3.63,0.178,0.726,72,v1.0.0
171,268,2026-02-17 00:00:00,0.483,high,0.2,0.0,0.704,48,v1.0.0
172,85,2026-05-15 00:00:00,0.237,medium,3.43,0.167,0.836,72,v1.0.0
173,203,2026-03-16 00:00:00,0.857,extreme,5.83,0.058,0.77,72,v1.0.0
174,107,2026-02-21 00:00:00,0.566,extreme,4.86,0.12,0.869,48,v1.0.0
175,253,2026-01-07 00:00:00,0.937,extreme,7.34,0.026,0.79,48,v1.0.0
176,235,2026-07-08 00:00:00,0.684,extreme,4.69,0.057,0.828,24,v1.0.0
177,23,2026-02-28 00:00:00,0.212,medium,1.72,0.388,0.738,48,v1.0.0
178,130,2026-04-02 00:00:00,0.509,extreme,5.78,0.143,0.614,24,v1.0.0
179,230,2026-03-18 00:00:00,0.356,low,2.68,0.407,0.982,48,v1.0.0
180,258,2026-02-21 00:00:00,0.215,high,3.08,0.014,0.92,24,v1.0.0
181,208,2026-06-22 00:00:00,0.252,extreme,6.03,0.273,0.833,72,v1.0.0
182,55,2026-05-05 00:00:00,0.757,high,1.13,0.241,0.935,48,v1.0.0
183,80,2026-08-04 00:00:00,0.336,high,7.06,0.068,0.969,72,v1.0.0
184,307,2026-05-26 00:00:00,0.706,low,0.8,0.045,0.864,24,v1.0.0
185,298,2026-04-26 00:00:00,0.611,high,2.91,0.214,0.941,24,v1.0.0
186,165,2026-01-12 00:00:00,0.231,extreme,4.43,0.31,0.686,48,v1.0.0
187,76,2026-06-19 00:00:00,0.036,medium,4.82,0.014,0.927,48,v1.0.0
188,43,2026-02-13 00:00:00,0.297,low,1.16,0.431,0.721,48,v1.0.0
189,209,2026-04-26 00:00:00,0.836,high,2.02,0.421,0.807,72,v1.0.0
190,296,2026-08-14 00:00:00,0.508,extreme,6.72,0.226,0.771,24,v1.0.0
191,16,2026-05-05 00:00:00,0.84,high,0.5,0.136,0.687,48,v1.0.0
192,287,2026-04-25 00:00:00,0.34,high,6.8,0.029,0.711,48,v1.0.0
193,236,2026-05-10 00:00:00,0.426,low,4.99,0.091,0.647,48,v1.0.0
194,30,2026-07-27 00:00:00,0.042,extreme,2.19,0.405,0.764,72,v1.0.0
195,171,2026-03-11 00:00:00,0.414,low,2.87,0.098,0.958,24,v1.0.0
196,87,2026-03-10 00:00:00,0.521,high,7.37,0.291,0.915,24,v1.0.0
197,59,2026-01-27 00:00:00,0.087,low,6.21,0.119,0.973,72,v1.0.0
198,149,2026-05-02 00:00:00,0.979,extreme,5.02,0.182,0.998,72,v1.0.0
199,265,2026-01-05 00:00:00,0.556,extreme,0.89,0.414,0.754,48,v1.0.0
200,216,2026-06-08 00:00:00,0.054,extreme,4.91,0.446,0.759,24,v1.0.0
201,17,2026-04-09 00:00:00,0.892,extreme,4.53,0.238,0.999,24,v1.0.0
202,8,2026-02-02 00:00:00,0.995,extreme,7.24,0.143,0.784,72,v1.0.0
203,118,2026-08-02 00:00:00,0.039,medium,3.48,0.136,0.728,72,v1.0.0
204,180,2026-05-25 00:00:00,0.05,low,2.64,0.322,0.766,48,v1.0.0
205,269,2026-06-14 00:00:00,0.656,medium,7.75,0.127,0.609,48,v1.0.0
206,225,2026-07-02 00:00:00,0.448,medium,2.02,0.462,0.708,24,v1.0.0
207,128,2026-07-13 00:00:00,0.903,extreme,2.13,0.017,0.698,72,v1.0.0
208,162,2026-04-01 00:00:00,0.786,high,4.93,0.442,0.765,48,v1.0.0
209,113,2026-07-01 00:00:00,0.139,extreme,6.2,0.403,0.827,24,v1.0.0
210,299,2026-04-19 00:00:00,0.83,medium,0.7,0.096,0.879,24,v1.0.0
211,178,2026-07-17 00:00:00,0.441,high,0.45,0.294,0.921,48,v1.0.0
212,51,2026-07-04 00:00:00,0.56,high,7.78,0.245,0.735,24,v1.0.0
213,119,2026-06-13 00:00:00,0.014,high,5.49,0.054,0.8,48,v1.0.0
214,99,2026-06-14 00:00:00,0.364,extreme,7.54,0.09,0.731,48,v1.0.0
215,73,2026-04-17 00:00:00,0.745,high,7.89,0.278,0.759,48,v1.0.0
216,136,2026-02-22 00:00:00,0.9,low,3.86,0.417,0.916,48,v1.0.0
217,286,2026-02-27 00:00:00,0.51,medium,0.57,0.427,0.998,48,v1.0.0
218,48,2026-04-11 00:00:00,0.372,extreme,0.47,0.172,0.88,24,v1.0.0
219,167,2026-01-20 00:00:00,0.177,low,4.31,0.411,0.803,48,v1.0.0
220,102,2026-07-14 00:00:00,0.216,medium,4.21,0.471,0.76,48,v1.0.0
221,108,2026-05-28 00:00:00,0.001,extreme,3.4,0.16,0.608,24,v1.0.0
222,179,2026-02-07 00:00:00,0.958,medium,4.87,0.171,0.72,72,v1.0.0
223,92,2026-06-09 00:00:00,0.775,medium,2.0,0.374,0.821,24,v1.0.0
224,117,2026-03-24 00:00:00,0.953,extreme,6.33,0.152,1.0,24,v1.0.0
225,223,2026-07-15 00:00:00,0.691,extreme,1.9,0.268,0.972,72,v1.0.0
226,194,2026-04-07 00:00:00,0.126,high,0.27,0.341,0.867,72,v1.0.0
227,282,2026-06-16 00:00:00,0.759,low,7.12,0.48,0.802,72,v1.0.0
228,224,2026-08-20 00:00:00,0.036,high,3.95,0.332,0.86,24,v1.0.0
229,41,2026-02-23 00:00:00,0.175,medium,0.09,0.345,0.84,72,v1.0.0
230,287,2026-08-02 00:00:00,0.951,extreme,0.09,0.498,0.813,48,v1.0.0
231,65,2026-07-19 00:00:00,0.637,high,6.67,0.058,0.738,48,v1.0.0
232,88,2026-08-14 00:00:00,0.323,high,6.54,0.144,0.907,48,v1.0.0
233,27,2026-02-10 00:00:00,0.394,medium,0.39,0.211,0.839,72,v1.0.0
234,168,2026-02-05 00:00:00,0.587,medium,6.6,0.218,0.934,48,v1.0.0
235,209,2026-07-27 00:00:00,0.274,extreme,4.46,0.442,0.729,24,v1.0.0
236,190,2026-01-02 00:00:00,0.989,low,2.68,0.355,0.716,72,v1.0.0
237,1,2026-01-13 00:00:00,0.508,high,3.72,0.358,0.634,48,v1.0.0
238,268,2026-01-26 00:00:00,0.006,extreme,3.71,0.093,0.786,48,v1.0.0
239,263,2026-03-19 00:00:00,0.435,extreme,0.16,0.136,0.631,48,v1.0.0
240,245,2026-06-18 00:00:00,0.971,high,0.04,0.45,0.998,48,v1.0.0
241,126,2026-06-07 00:00:00,0.4,low,2.04,0.296,0.724,48,v1.0.0
242,25,2026-08-22 00:00:00,0.502,extreme,5.01,0.367,0.838,48,v1.0.0
243,297,2026-01-24 00:00:00,0.294,extreme,7.69,0.353,0.762,72,v1.0.0
244,211,2026-02-15 00:00:00,0.738,extreme,3.73,0.365,0.927,72,v1.0.0
245,307,2026-04-14 00:00:00,0.919,medium,5.65,0.367,0.789,48,v1.0.0
246,240,2026-07-16 00:00:00,0.208,medium,2.66,0.214,0.808,48,v1.0.0
247,277,2026-03-04 00:00:00,0.073,medium,5.65,0.493,0.942,72,v1.0.0
248,54,2026-07-22 00:00:00,0.261,low,0.84,0.111,0.793,24,v1.0.0
249,203,2026-03-26 00:00:00,0.069,high,3.12,0.447,0.882,24,v1.0.0
250,242,2026-03-16 00:00:00,0.532,low,3.31,0.34,0.775,24,v1.0.0
251,45,2026-03-16 00:00:00,0.751,medium,7.78,0.1,0.614,48,v1.0.0
252,226,2026-02-18 00:00:00,0.349,low,1.16,0.138,0.974,48,v1.0.0
253,48,2026-05-10 00:00:00,0.591,high,7.91,0.082,0.968,72,v1.0.0
254,289,2026-06-25 00:00:00,0.54,extreme,0.63,0.397,0.922,24,v1.0.0
255,247,2026-04-08 00:00:00,0.778,low,3.94,0.449,0.839,24,v1.0.0
256,251,2026-05-27 00:00:00,0.16,high,4.63,0.016,0.952,72,v1.0.0
257,242,2026-01-06 00:00:00,0.285,high,4.32,0.104,0.764,48,v1.0.0
258,6,2026-01-15 00:00:00,0.619,medium,5.69,0.038,0.985,72,v1.0.0
259,96,2026-01-21 00:00:00,0.287,high,4.5,0.285,0.714,48,v1.0.0
260,312,2026-07-04 00:00:00,0.466,low,4.66,0.05,0.663,72,v1.0.0
261,170,2026-05-14 00:00:00,0.511,extreme,2.85,0.19,0.789,24,v1.0.0
262,225,2026-04-19 00:00:00,0.621,low,5.3,0.246,0.776,24,v1.0.0
263,178,2026-07-23 00:00:00,0.131,low,6.83,0.159,0.732,72,v1.0.0
264,296,2026-06-01 00:00:00,0.289,extreme,1.71,0.151,0.751,72,v1.0.0
265,205,2026-01-14 00:00:00,0.111,medium,3.21,0.375,0.693,24,v1.0.0
266,142,2026-04-15 00:00:00,0.953,extreme,5.89,0.13,0.65,24,v1.0.0
267,134,2026-03-04 00:00:00,0.613,medium,0.92,0.418,0.762,48,v1.0.0
268,176,2026-08-04 00:00:00,0.019,medium,5.76,0.178,0.807,48,v1.0.0
269,52,2026-04-06 00:00:00,0.48,low,5.98,0.047,0.654,72,v1.0.0
270,247,2026-05-19 00:00:00,0.133,high,2.57,0.293,0.844,72,v1.0.0
271,66,2026-07-03 00:00:00,0.229,high,6.95,0.091,0.69,72,v1.0.0
272,98,2026-01-08 00:00:00,0.386,low,6.11,0.433,0.816,24,v1.0.0
273,196,2026-02-16 00:00:00,0.718,extreme,5.19,0.028,0.608,24,v1.0.0
274,217,2026-01-27 00:00:00,0.504,high,8.0,0.431,0.922,72,v1.0.0
275,104,2026-03-07 00:00:00,0.794,low,4.24,0.071,0.93,48,v1.0.0
276,64,2026-07-26 00:00:00,0.538,medium,3.47,0.08,0.805,72,v1.0.0
277,99,2026-06-15 00:00:00,0.556,extreme,4.64,0.044,0.681,48,v1.0.0
278,243,2026-04-02 00:00:00,0.441,medium,0.2,0.02,0.876,48,v1.0.0
279,191,2026-04-13 00:00:00,0.113,extreme,4.82,0.075,0.873,72,v1.0.0
280,302,2026-06-23 00:00:00,0.145,low,5.97,0.486,0.633,72,v1.0.0
281,143,2026-07-20 00:00:00,0.584,low,1.73,0.102,0.685,72,v1.0.0
282,74,2026-06-28 00:00:00,0.152,extreme,6.23,0.407,0.719,24,v1.0.0
283,263,2026-05-17 00:00:00,0.887,medium,6.22,0.206,0.766,72,v1.0.0
284,306,2026-01-11 00:00:00,0.5,medium,1.24,0.396,0.722,72,v1.0.0
285,170,2026-03-12 00:00:00,0.106,medium,1.05,0.007,0.664,48,v1.0.0
286,229,2026-04-22 00:00:00,0.304,extreme,4.29,0.161,0.612,48,v1.0.0
287,42,2026-03-09 00:00:00,0.322,high,7.87,0.287,0.922,48,v1.0.0
288,260,2026-08-08 00:00:00,0.011,low,0.59,0.238,0.995,24,v1.0.0
289,90,2026-04-14 00:00:00,0.102,medium,2.71,0.167,0.802,72,v1.0.0
290,288,2026-03-15 00:00:00,0.529,high,0.36,0.486,0.839,72,v1.0.0
291,115,2026-02-10 00:00:00,0.267,medium,3.94,0.168,0.618,72,v1.0.0
292,126,2026-02-21 00:00:00,0.982,low,4.16,0.449,0.864,48,v1.0.0
293,228,2026-06-09 00:00:00,0.299,low,1.63,0.371,0.609,72,v1.0.0
294,206,2026-01-01 00:00:00,0.653,medium,4.64,0.258,0.729,72,v1.0.0
295,205,2026-07-25 00:00:00,0.529,low,4.35,0.29,0.998,24,v1.0.0
296,256,2026-05-10 00:00:00,0.16,low,5.66,0.005,0.919,24,v1.0.0
297,97,2026-07-18 00:00:00,0.216,low,4.31,0.175,0.808,24,v1.0.0
298,65,2026-07-08 00:00:00,0.049,low,0.66,0.328,0.766,48,v1.0.0
299,249,2026-07-18 00:00:00,0.118,medium,2.25,0.391,0.85,48,v1.0.0
300,274,2026-08-10 00:00:00,0.688,extreme,3.82,0.281,0.841,24,v1.0.0
301,278,2026-04-02 00:00:00,0.899,high,1.41,0.404,0.914,48,v1.0.0
302,85,2026-08-01 00:00:00,0.623,medium,1.99,0.021,0.927,72,v1.0.0
303,90,2026-05-20 00:00:00,0.948,low,6.48,0.475,0.681,48,v1.0.0
304,239,2026-04-18 00:00:00,0.776,high,7.63,0.461,0.947,48,v1.0.0
305,40,2026-06-06 00:00:00,0.96,low,7.22,0.151,0.817,72,v1.0.0
306,100,2026-05-11 00:00:00,0.241,low,3.96,0.066,0.963,24,v1.0.0
307,99,2026-07-09 00:00:00,0.277,extreme,7.57,0.178,0.757,72,v1.0.0
308,197,2026-04-22 00:00:00,0.194,medium,1.12,0.096,0.833,48,v1.0.0
309,128,2026-07-27 00:00:00,0.196,medium,2.47,0.083,0.948,48,v1.0.0
310,264,2026-05-28 00:00:00,0.52,high,4.52,0.272,0.888,24,v1.0.0
311,88,2026-06-19 00:00:00,0.405,extreme,4.11,0.104,0.733,24,v1.0.0
312,154,2026-05-04 00:00:00,0.427,extreme,0.14,0.433,0.854,24,v1.0.0
313,183,2026-03-17 00:00:00,0.216,extreme,7.96,0.169,0.775,48,v1.0.0
314,207,2026-07-04 00:00:00,0.875,high,5.39,0.216,0.712,72,v1.0.0
315,281,2026-03-03 00:00:00,0.175,extreme,0.85,0.052,0.892,48,v1.0.0
316,83,2026-07-08 00:00:00,0.97,high,1.42,0.061,0.971,48,v1.0.0
317,45,2026-06-22 00:00:00,0.402,extreme,5.24,0.19,0.892,24,v1.0.0
318,265,2026-02-28 00:00:00,0.742,medium,7.54,0.176,0.945,48,v1.0.0
319,275,2026-08-27 00:00:00,0.292,medium,3.92,0.495,0.665,24,v1.0.0
320,230,2026-05-11 00:00:00,0.981,low,6.78,0.139,0.829,24,v1.0.0
321,108,2026-03-18 00:00:00,0.572,medium,5.46,0.284,0.691,24,v1.0.0
322,155,2026-07-28 00:00:00,0.693,medium,4.46,0.101,0.944,72,v1.0.0
323,114,2026-03-19 00:00:00,0.76,low,7.62,0.056,0.618,24,v1.0.0
324,54,2026-04-04 00:00:00,0.894,medium,0.3,0.014,0.901,48,v1.0.0
325,84,2026-07-06 00:00:00,0.639,low,4.17,0.04,0.73,48,v1.0.0
326,51,2026-08-11 00:00:00,0.612,extreme,7.39,0.04,0.866,48,v1.0.0
327,9,2026-01-27 00:00:00,0.256,extreme,5.36,0.356,0.981,72,v1.0.0
328,97,2026-08-21 00:00:00,0.335,high,7.27,0.377,0.807,72,v1.0.0
329,289,2026-02-23 00:00:00,0.549,high,3.44,0.453,0.69,72,v1.0.0
330,78,2026-05-24 00:00:00,0.557,low,1.01,0.009,0.955,72,v1.0.0
331,163,2026-02-03 00:00:00,0.321,low,6.6,0.307,0.937,24,v1.0.0
332,233,2026-07-13 00:00:00,0.495,low,6.57,0.217,0.958,24,v1.0.0
333,10,2026-08-13 00:00:00,0.403,high,3.03,0.258,0.634,48,v1.0.0
334,215,2026-07-04 00:00:00,0.704,high,1.21,0.027,0.96,72,v1.0.0
335,29,2026-08-06 00:00:00,0.584,medium,6.24,0.363,0.637,72,v1.0.0
336,256,2026-02-26 00:00:00,0.05,high,1.87,0.47,0.919,48,v1.0.0
337,141,2026-07-28 00:00:00,0.874,low,0.29,0.055,0.988,48,v1.0.0
338,178,2026-06-05 00:00:00,0.231,low,3.21,0.253,0.766,24,v1.0.0
339,92,2026-01-27 00:00:00,0.195,high,7.61,0.235,0.847,48,v1.0.0
340,286,2026-05-08 00:00:00,0.81,extreme,3.54,0.359,0.937,72,v1.0.0
341,188,2026-04-04 00:00:00,0.708,extreme,1.68,0.182,0.632,48,v1.0.0
342,101,2026-01-03 00:00:00,0.58,low,3.97,0.265,0.759,24,v1.0.0
343,221,2026-04-01 00:00:00,0.816,extreme,3.37,0.02,0.986,72,v1.0.0
344,79,2026-01-22 00:00:00,0.475,extreme,3.68,0.496,0.993,24,v1.0.0
345,47,2026-03-08 00:00:00,0.919,medium,4.76,0.49,0.939,24,v1.0.0
346,174,2026-03-07 00:00:00,0.352,low,2.5,0.145,0.725,72,v1.0.0
347,291,2026-01-14 00:00:00,0.717,extreme,4.24,0.081,0.713,48,v1.0.0
348,26,2026-02-01 00:00:00,0.891,low,2.66,0.301,0.61,24,v1.0.0
349,48,2026-05-20 00:00:00,0.34,high,3.1,0.306,0.683,48,v1.0.0
350,259,2026-01-06 00:00:00,0.205,low,2.0,0.375,0.811,24,v1.0.0
351,26,2026-06-28 00:00:00,0.613,extreme,3.97,0.122,0.86,24,v1.0.0
352,79,2026-04-09 00:00:00,0.333,extreme,5.57,0.376,0.719,48,v1.0.0
353,141,2026-07-16 00:00:00,0.701,extreme,1.54,0.267,0.757,24,v1.0.0
354,19,2026-02-04 00:00:00,0.379,extreme,3.47,0.017,0.644,72,v1.0.0
355,286,2026-02-22 00:00:00,0.52,low,6.01,0.368,0.939,72,v1.0.0
356,72,2026-06-20 00:00:00,0.895,extreme,0.22,0.374,0.79,24,v1.0.0
357,135,2026-06-07 00:00:00,0.161,low,0.44,0.378,0.843,72,v1.0.0
358,149,2026-07-06 00:00:00,0.536,high,7.89,0.365,0.725,24,v1.0.0
359,135,2026-06-08 00:00:00,0.9,low,1.43,0.29,0.762,24,v1.0.0
360,128,2026-04-14 00:00:00,0.868,medium,5.07,0.392,0.989,48,v1.0.0
361,200,2026-05-04 00:00:00,0.597,medium,6.15,0.49,0.64,48,v1.0.0
362,127,2026-02-27 00:00:00,0.226,extreme,3.26,0.191,0.658,48,v1.0.0
363,76,2026-05-14 00:00:00,0.511,high,1.17,0.392,0.62,48,v1.0.0
364,133,2026-03-16 00:00:00,0.267,low,4.64,0.168,0.711,24,v1.0.0
365,294,2026-06-19 00:00:00,0.565,medium,1.17,0.228,0.625,72,v1.0.0
366,312,2026-04-27 00:00:00,0.707,medium,7.86,0.281,0.866,48,v1.0.0
367,72,2026-03-19 00:00:00,0.801,high,4.31,0.257,0.885,24,v1.0.0
368,107,2026-07-27 00:00:00,0.498,extreme,4.79,0.134,0.608,24,v1.0.0
369,133,2026-01-07 00:00:00,0.07,medium,3.33,0.13,0.711,24,v1.0.0
370,14,2026-08-22 00:00:00,0.256,extreme,0.08,0.027,0.875,24,v1.0.0
371,166,2026-04-28 00:00:00,0.965,high,4.81,0.433,0.667,48,v1.0.0
372,197,2026-08-28 00:00:00,0.823,medium,6.06,0.333,0.831,72,v1.0.0
373,249,2026-08-18 00:00:00,0.363,medium,5.06,0.15,0.868,24,v1.0.0
374,289,2026-05-02 00:00:00,0.22,high,7.56,0.08,0.892,72,v1.0.0
375,36,2026-05-08 00:00:00,0.122,high,6.18,0.072,0.904,24,v1.0.0
376,85,2026-06-09 00:00:00,0.805,low,0.69,0.077,0.954,48,v1.0.0
377,189,2026-05-17 00:00:00,0.5,low,2.48,0.082,0.62,72,v1.0.0
378,127,2026-03-22 00:00:00,0.185,medium,1.36,0.459,0.917,72,v1.0.0
379,226,2026-04-21 00:00:00,0.966,extreme,4.65,0.018,0.771,24,v1.0.0
380,164,2026-01-25 00:00:00,0.446,low,3.34,0.442,0.798,48,v1.0.0
381,268,2026-02-21 00:00:00,0.913,medium,5.06,0.431,0.772,24,v1.0.0
382,114,2026-05-14 00:00:00,0.961,low,3.56,0.261,0.929,48,v1.0.0
383,11,2026-02-04 00:00:00,0.625,high,2.61,0.415,0.934,72,v1.0.0
384,65,2026-05-01 00:00:00,0.753,low,0.5,0.173,0.6,48,v1.0.0
385,176,2026-05-15 00:00:00,0.649,high,6.2,0.087,0.779,24,v1.0.0
386,74,2026-06-26 00:00:00,0.861,low,4.67,0.012,0.706,72,v1.0.0
387,122,2026-06-22 00:00:00,0.04,extreme,6.95,0.48,0.863,72,v1.0.0
388,239,2026-04-10 00:00:00,0.217,medium,7.58,0.075,0.681,72,v1.0.0
389,251,2026-04-05 00:00:00,0.091,medium,5.63,0.422,0.696,48,v1.0.0
390,2,2026-08-03 00:00:00,0.161,extreme,7.06,0.168,0.833,48,v1.0.0
391,146,2026-06-06 00:00:00,0.201,medium,0.86,0.29,0.799,48,v1.0.0
392,29,2026-08-04 00:00:00,0.024,extreme,6.24,0.342,0.954,48,v1.0.0
393,163,2026-08-02 00:00:00,0.088,medium,7.24,0.314,0.956,24,v1.0.0
394,299,2026-03-20 00:00:00,0.194,low,3.07,0.1,0.98,48,v1.0.0
395,24,2026-02-26 00:00:00,0.347,medium,7.31,0.074,0.617,48,v1.0.0
396,192,2026-05-08 00:00:00,0.914,low,0.1,0.03,0.641,72,v1.0.0
397,7,2026-06-20 00:00:00,0.392,extreme,3.15,0.181,0.904,48,v1.0.0
398,74,2026-03-16 00:00:00,0.272,low,4.06,0.033,0.678,48,v1.0.0
399,27,2026-08-04 00:00:00,0.003,high,2.58,0.487,0.735,24,v1.0.0
400,135,2026-02-27 00:00:00,0.938,high,6.88,0.49,0.853,24,v1.0.0
401,309,2026-04-17 00:00:00,0.84,extreme,0.28,0.111,0.8,24,v1.0.0
402,156,2026-04-11 00:00:00,0.78,medium,2.4,0.471,0.606,72,v1.0.0
403,212,2026-01-15 00:00:00,0.941,medium,6.94,0.079,0.772,48,v1.0.0
404,86,2026-03-05 00:00:00,0.267,low,5.96,0.055,0.631,72,v1.0.0
405,309,2026-06-27 00:00:00,0.344,low,4.77,0.306,0.625,72,v1.0.0
406,158,2026-06-24 00:00:00,0.426,low,7.44,0.091,0.764,72,v1.0.0
407,164,2026-04-18 00:00:00,0.449,low,5.36,0.34,0.671,24,v1.0.0
408,57,2026-05-18 00:00:00,0.238,high,7.23,0.164,0.907,72,v1.0.0
409,149,2026-04-03 00:00:00,0.035,high,5.26,0.07,0.818,72,v1.0.0
410,112,2026-07-03 00:00:00,0.117,low,6.96,0.199,0.934,24,v1.0.0
411,162,2026-05-11 00:00:00,0.863,high,0.75,0.077,0.971,24,v1.0.0
412,64,2026-01-15 00:00:00,0.212,low,3.79,0.318,0.985,72,v1.0.0
413,74,2026-05-26 00:00:00,0.663,extreme,7.05,0.11,0.664,48,v1.0.0
414,53,2026-07-18 00:00:00,0.433,low,2.9,0.394,0.744,72,v1.0.0
415,212,2026-01-17 00:00:00,0.341,low,0.43,0.395,0.877,48,v1.0.0
416,105,2026-02-02 00:00:00,0.939,medium,4.3,0.356,0.731,24,v1.0.0
417,136,2026-06-24 00:00:00,0.65,medium,7.91,0.399,0.825,72,v1.0.0
418,42,2026-06-22 00:00:00,0.587,extreme,3.95,0.283,0.904,24,v1.0.0
419,118,2026-08-05 00:00:00,0.475,low,5.2,0.287,0.752,24,v1.0.0
420,245,2026-04-15 00:00:00,0.249,medium,1.59,0.325,0.766,48,v1.0.0
421,249,2026-05-05 00:00:00,0.925,extreme,2.37,0.19,0.996,24,v1.0.0
422,269,2026-05-17 00:00:00,0.197,high,7.69,0.274,0.729,72,v1.0.0
423,260,2026-02-27 00:00:00,0.393,medium,2.48,0.169,0.806,72,v1.0.0
424,242,2026-08-28 00:00:00,0.629,low,6.72,0.039,0.996,48,v1.0.0
425,224,2026-05-02 00:00:00,0.119,low,5.16,0.355,0.984,72,v1.0.0
426,227,2026-08-09 00:00:00,0.585,extreme,0.81,0.382,0.888,72,v1.0.0
427,27,2026-07-25 00:00:00,0.372,medium,5.55,0.012,0.86,48,v1.0.0
428,10,2026-06-26 00:00:00,0.171,extreme,1.21,0.096,0.932,48,v1.0.0
429,58,2026-01-22 00:00:00,0.765,extreme,7.88,0.235,0.993,24,v1.0.0
430,279,2026-08-22 00:00:00,0.499,medium,4.42,0.496,0.961,48,v1.0.0
431,42,2026-07-14 00:00:00,0.318,high,4.2,0.086,0.86,48,v1.0.0
432,26,2026-08-17 00:00:00,0.418,low,6.91,0.042,0.879,72,v1.0.0
433,260,2026-08-15 00:00:00,0.969,extreme,6.88,0.494,0.768,48,v1.0.0
434,129,2026-04-02 00:00:00,0.712,medium,1.05,0.162,0.864,48,v1.0.0
435,313,2026-04-11 00:00:00,0.607,extreme,3.2,0.407,0.82,72,v1.0.0
436,156,2026-04-27 00:00:00,0.031,medium,3.59,0.046,0.83,48,v1.0.0
437,4,2026-08-01 00:00:00,0.069,extreme,0.13,0.495,0.922,24,v1.0.0
438,5,2026-04-14 00:00:00,0.382,extreme,1.02,0.335,0.72,48,v1.0.0
439,254,2026-01-04 00:00:00,0.166,medium,2.11,0.022,0.75,48,v1.0.0
440,143,2026-01-16 00:00:00,0.57,high,4.35,0.215,0.913,24,v1.0.0
441,145,2026-07-05 00:00:00,0.452,high,6.42,0.42,0.906,72,v1.0.0
442,90,2026-02-04 00:00:00,0.845,high,3.99,0.189,0.794,72,v1.0.0
443,142,2026-01-04 00:00:00,0.312,low,0.73,0.244,0.894,72,v1.0.0
444,126,2026-08-06 00:00:00,0.644,extreme,1.13,0.371,0.657,48,v1.0.0
445,132,2026-05-21 00:00:00,0.496,medium,6.43,0.319,0.96,48,v1.0.0
446,9,2026-02-08 00:00:00,0.711,low,4.46,0.205,0.647,48,v1.0.0
447,180,2026-08-01 00:00:00,0.541,medium,5.83,0.204,0.999,48,v1.0.0
448,63,2026-07-05 00:00:00,0.949,low,5.35,0.457,0.729,48,v1.0.0
449,160,2026-02-22 00:00:00,0.048,medium,1.13,0.029,0.655,72,v1.0.0
450,95,2026-01-17 00:00:00,0.32,high,3.03,0.291,0.792,24,v1.0.0
451,79,2026-04-04 00:00:00,0.622,medium,3.55,0.062,0.619,24,v1.0.0
452,175,2026-04-18 00:00:00,0.412,medium,4.81,0.496,0.994,24,v1.0.0
453,20,2026-07-16 00:00:00,0.323,high,4.33,0.049,0.899,24,v1.0.0
454,48,2026-08-03 00:00:00,0.698,medium,4.88,0.151,0.988,24,v1.0.0
455,258,2026-02-22 00:00:00,0.12,medium,5.29,0.007,0.735,72,v1.0.0
456,72,2026-03-13 00:00:00,0.661,medium,5.52,0.063,0.983,24,v1.0.0
457,292,2026-04-20 00:00:00,0.286,extreme,7.91,0.415,0.729,48,v1.0.0
458,127,2026-01-08 00:00:00,0.792,medium,6.11,0.319,0.625,48,v1.0.0
459,220,2026-08-24 00:00:00,0.798,medium,1.34,0.349,0.72,24,v1.0.0
460,96,2026-08-06 00:00:00,0.052,extreme,6.28,0.337,0.956,24,v1.0.0
461,175,2026-07-02 00:00:00,0.106,high,7.26,0.21,0.851,24,v1.0.0
462,116,2026-04-01 00:00:00,0.427,extreme,0.74,0.146,0.623,72,v1.0.0
463,164,2026-05-01 00:00:00,0.221,extreme,5.15,0.129,0.642,72,v1.0.0
464,112,2026-01-14 00:00:00,0.979,extreme,2.41,0.203,0.702,24,v1.0.0
465,212,2026-07-21 00:00:00,0.864,extreme,7.7,0.336,0.734,72,v1.0.0
466,209,2026-08-17 00:00:00,0.631,extreme,5.46,0.343,0.656,72,v1.0.0
467,251,2026-08-18 00:00:00,0.647,high,7.53,0.367,0.613,48,v1.0.0
468,223,2026-02-04 00:00:00,0.691,medium,5.21,0.353,0.731,72,v1.0.0
469,296,2026-05-26 00:00:00,0.13,extreme,4.22,0.018,0.604,48,v1.0.0
470,147,2026-01-08 00:00:00,0.533,low,7.02,0.302,0.832,48,v1.0.0
471,70,2026-01-05 00:00:00,0.928,medium,7.42,0.111,0.655,72,v1.0.0
472,94,2026-04-04 00:00:00,0.501,extreme,7.94,0.145,0.834,48,v1.0.0
473,228,2026-07-01 00:00:00,0.072,extreme,3.09,0.234,0.823,48,v1.0.0
474,200,2026-08-08 00:00:00,0.093,high,5.12,0.309,0.984,72,v1.0.0
475,140,2026-06-02 00:00:00,0.062,extreme,3.81,0.266,0.78,24,v1.0.0
476,175,2026-06-02 00:00:00,0.869,low,6.55,0.057,0.896,24,v1.0.0
477,200,2026-04-16 00:00:00,0.734,low,3.87,0.46,0.679,48,v1.0.0
478,217,2026-07-21 00:00:00,0.053,extreme,3.53,0.071,0.609,72,v1.0.0
479,61,2026-08-18 00:00:00,0.511,medium,4.32,0.039,0.759,72,v1.0.0
480,121,2026-01-20 00:00:00,0.516,medium,0.13,0.184,0.703,72,v1.0.0
481,144,2026-07-04 00:00:00,0.411,low,6.18,0.112,0.895,48,v1.0.0
482,293,2026-06-21 00:00:00,0.722,high,2.02,0.054,0.686,24,v1.0.0
483,72,2026-03-12 00:00:00,0.362,high,5.2,0.115,0.892,24,v1.0.0
484,113,2026-08-03 00:00:00,0.379,high,7.22,0.092,0.771,48,v1.0.0
485,213,2026-02-05 00:00:00,0.929,extreme,4.76,0.094,0.991,48,v1.0.0
486,262,2026-04-06 00:00:00,0.675,extreme,6.55,0.23,0.764,24,v1.0.0
487,160,2026-05-13 00:00:00,0.967,low,0.96,0.421,0.743,72,v1.0.0
488,108,2026-02-20 00:00:00,0.748,extreme,7.94,0.357,0.617,72,v1.0.0
489,81,2026-08-12 00:00:00,0.616,medium,1.01,0.049,0.913,48,v1.0.0
490,58,2026-01-28 00:00:00,0.507,low,1.37,0.077,0.858,48,v1.0.0
491,148,2026-03-15 00:00:00,0.959,medium,4.76,0.303,0.625,24,v1.0.0
492,3,2026-05-15 00:00:00,0.167,medium,6.51,0.426,0.874,48,v1.0.0
493,25,2026-07-24 00:00:00,0.62,extreme,5.34,0.435,0.917,24,v1.0.0
494,131,2026-04-28 00:00:00,0.123,medium,6.51,0.252,0.641,24,v1.0.0
495,148,2026-01-16 00:00:00,0.775,low,4.23,0.192,0.712,72,v1.0.0
496,52,2026-05-24 00:00:00,0.915,medium,3.6,0.131,0.875,24,v1.0.0
497,147,2026-06-07 00:00:00,0.285,medium,5.84,0.446,0.936,48,v1.0.0
498,227,2026-07-01 00:00:00,0.815,extreme,5.55,0.009,0.849,48,v1.0.0
499,125,2026-04-01 00:00:00,0.365,low,7.88,0.328,0.613,72,v1.0.0
500,6,2026-07-11 00:00:00,0.494,low,6.74,0.058,0.985,48,v1.0.0
501,74,2026-02-12 00:00:00,0.108,medium,5.84,0.026,0.882,48,v1.0.0
502,68,2026-07-14 00:00:00,0.038,medium,2.88,0.312,0.93,48,v1.0.0
503,312,2026-08-23 00:00:00,0.36,medium,0.91,0.232,0.712,72,v1.0.0
504,145,2026-06-02 00:00:00,0.202,extreme,5.28,0.268,0.833,72,v1.0.0
505,98,2026-06-17 00:00:00,0.065,high,7.03,0.124,0.889,48,v1.0.0
506,240,2026-07-12 00:00:00,0.168,high,4.4,0.07,0.639,24,v1.0.0
507,299,2026-04-03 00:00:00,0.823,medium,7.47,0.101,0.821,48,v1.0.0
508,111,2026-04-01 00:00:00,0.887,extreme,7.03,0.183,0.652,72,v1.0.0
509,272,2026-07-22 00:00:00,0.736,medium,6.68,0.371,0.842,24,v1.0.0
510,27,2026-08-19 00:00:00,0.84,low,0.7,0.408,0.986,72,v1.0.0
511,32,2026-08-19 00:00:00,0.845,extreme,6.44,0.044,0.704,72,v1.0.0
512,80,2026-06-05 00:00:00,0.682,extreme,4.09,0.488,0.849,72,v1.0.0
513,129,2026-08-27 00:00:00,0.085,medium,7.94,0.458,0.984,24,v1.0.0
514,113,2026-04-12 00:00:00,0.559,low,2.33,0.163,0.759,24,v1.0.0
515,183,2026-04-08 00:00:00,0.956,high,5.27,0.197,0.649,72,v1.0.0
516,31,2026-03-28 00:00:00,0.417,extreme,2.8,0.306,0.847,24,v1.0.0
517,90,2026-02-08 00:00:00,0.688,extreme,1.16,0.432,0.897,48,v1.0.0
518,267,2026-02-17 00:00:00,0.633,high,2.24,0.374,0.763,24,v1.0.0
519,282,2026-08-21 00:00:00,0.024,low,7.42,0.361,0.619,24,v1.0.0
520,232,2026-06-09 00:00:00,0.859,extreme,6.99,0.487,0.751,48,v1.0.0
521,129,2026-07-01 00:00:00,0.352,low,2.75,0.344,0.774,72,v1.0.0
522,50,2026-07-28 00:00:00,0.756,low,6.91,0.485,0.953,72,v1.0.0
523,288,2026-02-10 00:00:00,0.921,low,2.23,0.308,0.609,48,v1.0.0
524,268,2026-02-07 00:00:00,0.891,high,1.18,0.368,0.843,72,v1.0.0
525,207,2026-04-24 00:00:00,0.437,extreme,2.73,0.047,0.648,48,v1.0.0
526,48,2026-08-09 00:00:00,0.314,low,5.4,0.016,0.965,48,v1.0.0
527,302,2026-04-21 00:00:00,0.742,medium,3.64,0.244,0.912,48,v1.0.0
528,28,2026-03-28 00:00:00,0.649,low,3.15,0.022,0.91,24,v1.0.0
529,39,2026-01-12 00:00:00,0.379,extreme,2.98,0.118,0.618,72,v1.0.0
530,114,2026-06-06 00:00:00,0.239,low,2.11,0.381,0.613,48,v1.0.0
531,265,2026-07-20 00:00:00,0.132,medium,0.92,0.166,0.736,24,v1.0.0
532,150,2026-05-03 00:00:00,0.728,medium,6.74,0.015,0.784,48,v1.0.0
533,237,2026-04-27 00:00:00,0.581,low,3.94,0.092,0.677,72,v1.0.0
534,163,2026-04-19 00:00:00,0.956,medium,4.6,0.157,0.958,72,v1.0.0
535,113,2026-01-02 00:00:00,0.725,low,3.94,0.036,0.839,72,v1.0.0
536,162,2026-03-27 00:00:00,0.969,extreme,4.08,0.328,0.894,24,v1.0.0
537,53,2026-01-26 00:00:00,0.871,high,7.55,0.318,0.688,48,v1.0.0
538,52,2026-07-10 00:00:00,0.911,extreme,5.63,0.197,0.832,72,v1.0.0
539,16,2026-04-09 00:00:00,0.597,high,3.5,0.304,0.76,48,v1.0.0
540,54,2026-07-27 00:00:00,0.846,high,6.26,0.41,0.791,48,v1.0.0
541,21,2026-07-13 00:00:00,0.977,medium,2.33,0.236,0.776,24,v1.0.0
542,144,2026-07-14 00:00:00,0.625,extreme,5.43,0.406,0.686,48,v1.0.0
543,56,2026-01-06 00:00:00,0.081,high,2.02,0.358,0.763,24,v1.0.0
544,246,2026-07-06 00:00:00,0.408,high,3.26,0.445,0.917,72,v1.0.0
545,143,2026-03-28 00:00:00,0.317,extreme,7.19,0.296,0.914,24,v1.0.0
546,245,2026-02-19 00:00:00,0.365,low,2.69,0.193,0.656,48,v1.0.0
547,298,2026-03-27 00:00:00,0.33,extreme,2.11,0.353,0.967,24,v1.0.0
548,131,2026-01-01 00:00:00,0.847,low,0.31,0.416,0.699,48,v1.0.0
549,177,2026-07-25 00:00:00,0.532,high,4.91,0.14,0.745,24,v1.0.0
550,288,2026-02-13 00:00:00,0.89,low,2.29,0.354,0.718,48,v1.0.0
551,278,2026-05-03 00:00:00,0.465,high,3.93,0.411,0.65,48,v1.0.0
552,161,2026-08-26 00:00:00,0.778,extreme,3.78,0.326,0.675,72,v1.0.0
553,11,2026-04-19 00:00:00,0.867,high,1.82,0.454,0.724,72,v1.0.0
554,162,2026-01-11 00:00:00,0.387,medium,6.89,0.004,0.725,24,v1.0.0
555,231,2026-05-14 00:00:00,0.331,extreme,5.17,0.099,0.898,24,v1.0.0
556,242,2026-04-13 00:00:00,0.235,high,5.7,0.042,0.619,24,v1.0.0
557,107,2026-01-16 00:00:00,0.672,medium,3.04,0.25,0.669,48,v1.0.0
558,22,2026-01-09 00:00:00,0.166,medium,3.63,0.256,0.659,48,v1.0.0
559,113,2026-02-19 00:00:00,0.36,high,4.85,0.405,0.748,24,v1.0.0
560,287,2026-03-18 00:00:00,0.783,medium,1.38,0.109,0.725,72,v1.0.0
561,158,2026-03-16 00:00:00,0.53,high,2.6,0.329,0.93,48,v1.0.0
562,313,2026-04-04 00:00:00,0.006,extreme,4.01,0.025,0.914,48,v1.0.0
563,148,2026-05-06 00:00:00,0.829,extreme,3.47,0.211,0.723,24,v1.0.0
564,9,2026-06-10 00:00:00,0.24,medium,3.64,0.085,0.724,48,v1.0.0
565,232,2026-03-13 00:00:00,0.979,medium,4.64,0.167,0.67,72,v1.0.0
566,198,2026-04-27 00:00:00,0.403,high,2.26,0.104,0.919,24,v1.0.0
567,96,2026-02-26 00:00:00,0.893,extreme,4.84,0.444,0.782,24,v1.0.0
568,7,2026-08-22 00:00:00,0.144,high,7.69,0.358,0.686,72,v1.0.0
569,84,2026-06-01 00:00:00,0.336,low,0.42,0.417,0.834,24,v1.0.0
570,64,2026-06-01 00:00:00,0.056,extreme,1.95,0.199,0.727,24,v1.0.0
571,202,2026-04-06 00:00:00,0.69,extreme,1.49,0.26,0.974,48,v1.0.0
572,50,2026-05-12 00:00:00,0.733,low,0.91,0.449,0.611,72,v1.0.0
573,107,2026-03-12 00:00:00,0.493,high,6.61,0.291,0.679,72,v1.0.0
574,197,2026-05-02 00:00:00,0.779,high,2.93,0.194,0.809,48,v1.0.0
575,260,2026-06-14 00:00:00,0.992,medium,3.01,0.01,0.815,72,v1.0.0
576,283,2026-06-26 00:00:00,0.194,low,3.83,0.254,0.912,24,v1.0.0
577,251,2026-04-16 00:00:00,0.982,high,5.35,0.083,0.954,48,v1.0.0
578,165,2026-04-13 00:00:00,0.196,medium,3.16,0.451,0.912,48,v1.0.0
579,237,2026-07-05 00:00:00,0.084,low,0.71,0.008,0.903,48,v1.0.0
580,170,2026-07-03 00:00:00,0.624,extreme,5.2,0.01,0.827,72,v1.0.0
581,153,2026-06-27 00:00:00,0.736,high,2.82,0.455,0.732,72,v1.0.0
582,86,2026-04-09 00:00:00,0.978,extreme,2.72,0.2,0.92,72,v1.0.0
583,205,2026-08-07 00:00:00,0.067,extreme,2.38,0.182,0.696,24,v1.0.0
584,30,2026-01-24 00:00:00,0.818,extreme,4.7,0.233,0.676,48,v1.0.0
585,285,2026-06-23 00:00:00,0.644,medium,5.72,0.446,0.618,24,v1.0.0
586,120,2026-04-11 00:00:00,0.633,low,4.36,0.325,0.946,48,v1.0.0
587,303,2026-08-15 00:00:00,0.651,medium,4.21,0.258,0.832,48,v1.0.0
588,134,2026-07-20 00:00:00,0.462,high,7.39,0.36,0.701,72,v1.0.0
589,173,2026-07-02 00:00:00,0.15,extreme,0.59,0.103,0.748,48,v1.0.0
590,168,2026-06-16 00:00:00,0.124,extreme,4.92,0.07,0.778,72,v1.0.0
591,280,2026-07-19 00:00:00,0.217,extreme,7.96,0.069,0.821,72,v1.0.0
592,188,2026-01-09 00:00:00,0.793,extreme,6.23,0.038,0.609,24,v1.0.0
593,259,2026-01-07 00:00:00,0.534,low,1.03,0.349,0.775,24,v1.0.0
594,291,2026-08-07 00:00:00,0.76,low,6.57,0.179,0.955,72,v1.0.0
595,162,2026-03-25 00:00:00,0.108,medium,1.36,0.207,0.815,72,v1.0.0
596,278,2026-02-22 00:00:00,0.976,high,6.45,0.265,0.972,48,v1.0.0
597,209,2026-01-22 00:00:00,0.978,low,5.55,0.368,0.777,72,v1.0.0
598,94,2026-01-17 00:00:00,0.53,medium,4.33,0.369,0.819,72,v1.0.0
599,223,2026-02-25 00:00:00,0.223,extreme,2.92,0.315,0.983,24,v1.0.0
600,308,2026-05-28 00:00:00,0.172,high,0.73,0.482,0.878,24,v1.0.0
601,119,2026-04-08 00:00:00,0.968,low,1.04,0.287,0.801,48,v1.0.0
602,226,2026-04-03 00:00:00,0.852,high,3.53,0.044,0.635,24,v1.0.0
603,197,2026-07-05 00:00:00,0.12,low,7.89,0.341,0.642,48,v1.0.0
604,120,2026-01-03 00:00:00,0.493,low,2.71,0.341,0.95,48,v1.0.0
605,124,2026-08-17 00:00:00,0.418,low,5.6,0.437,0.802,24,v1.0.0
606,263,2026-02-24 00:00:00,0.114,low,4.19,0.314,0.735,72,v1.0.0
607,296,2026-05-27 00:00:00,0.523,high,4.05,0.056,0.846,48,v1.0.0
608,107,2026-01-16 00:00:00,0.622,low,4.97,0.111,0.657,24,v1.0.0
609,227,2026-08-27 00:00:00,0.491,high,7.87,0.371,0.986,72,v1.0.0
610,242,2026-02-10 00:00:00,0.714,medium,3.94,0.433,0.841,48,v1.0.0
611,309,2026-05-02 00:00:00,0.67,high,2.95,0.153,0.862,48,v1.0.0
612,64,2026-07-11 00:00:00,0.584,high,4.34,0.378,0.747,48,v1.0.0
613,186,2026-06-25 00:00:00,0.848,high,4.93,0.128,0.98,24,v1.0.0
614,261,2026-07-16 00:00:00,0.223,low,7.21,0.064,0.686,72,v1.0.0
615,309,2026-04-08 00:00:00,0.737,medium,0.73,0.293,0.601,24,v1.0.0
616,150,2026-02-06 00:00:00,0.117,medium,0.39,0.483,0.919,48,v1.0.0
617,219,2026-01-23 00:00:00,0.8,medium,3.37,0.09,0.622,48,v1.0.0
618,112,2026-03-19 00:00:00,0.016,high,3.35,0.002,0.601,48,v1.0.0
619,161,2026-01-10 00:00:00,0.8,low,0.36,0.318,0.874,48,v1.0.0
620,295,2026-02-10 00:00:00,0.594,high,5.35,0.173,0.604,48,v1.0.0
621,51,2026-07-25 00:00:00,0.332,medium,1.78,0.088,0.79,72,v1.0.0
622,167,2026-08-22 00:00:00,0.708,extreme,6.7,0.244,0.841,72,v1.0.0
623,86,2026-01-09 00:00:00,0.15,extreme,4.83,0.366,0.705,24,v1.0.0
624,133,2026-07-01 00:00:00,0.187,extreme,7.28,0.449,0.952,72,v1.0.0
625,305,2026-07-25 00:00:00,0.486,low,5.57,0.242,0.818,24,v1.0.0
626,3,2026-04-06 00:00:00,0.82,high,7.93,0.301,0.996,48,v1.0.0
627,26,2026-07-19 00:00:00,0.801,low,4.89,0.225,0.905,24,v1.0.0
628,264,2026-02-11 00:00:00,0.924,medium,3.96,0.005,0.898,24,v1.0.0
629,105,2026-01-15 00:00:00,0.416,high,6.67,0.365,0.989,72,v1.0.0
630,228,2026-01-22 00:00:00,0.61,extreme,7.59,0.287,0.867,72,v1.0.0
631,64,2026-02-12 00:00:00,0.391,medium,7.76,0.03,0.612,48,v1.0.0
632,46,2026-05-03 00:00:00,0.254,extreme,1.82,0.323,0.845,72,v1.0.0
633,48,2026-07-07 00:00:00,0.776,medium,4.5,0.007,0.652,48,v1.0.0
634,192,2026-05-26 00:00:00,0.522,medium,4.76,0.404,0.625,48,v1.0.0
635,226,2026-08-17 00:00:00,0.076,medium,1.03,0.356,0.799,48,v1.0.0
636,114,2026-04-28 00:00:00,0.61,extreme,4.84,0.007,0.734,72,v1.0.0
637,4,2026-07-13 00:00:00,0.416,high,4.34,0.446,0.98,72,v1.0.0
638,246,2026-08-20 00:00:00,0.593,extreme,4.34,0.315,0.704,48,v1.0.0
639,196,2026-01-04 00:00:00,0.353,low,6.64,0.268,0.759,48,v1.0.0
640,158,2026-07-26 00:00:00,0.651,high,1.69,0.434,0.707,48,v1.0.0
641,50,2026-01-20 00:00:00,0.398,low,2.58,0.267,0.775,48,v1.0.0
642,75,2026-08-28 00:00:00,0.927,medium,3.68,0.05,0.896,48,v1.0.0
643,110,2026-03-05 00:00:00,0.803,extreme,7.79,0.377,0.71,48,v1.0.0
644,50,2026-01-17 00:00:00,0.769,extreme,6.53,0.016,0.79,72,v1.0.0
645,42,2026-08-15 00:00:00,0.509,medium,3.67,0.455,0.823,48,v1.0.0
646,17,2026-02-04 00:00:00,0.637,extreme,3.4,0.282,0.954,24,v1.0.0
647,290,2026-01-13 00:00:00,0.27,extreme,5.18,0.322,0.947,48,v1.0.0
648,90,2026-04-01 00:00:00,0.069,high,4.8,0.222,0.801,48,v1.0.0
649,286,2026-08-11 00:00:00,0.057,low,7.33,0.26,0.662,72,v1.0.0
650,32,2026-08-28 00:00:00,0.962,extreme,5.04,0.097,0.698,48,v1.0.0
651,140,2026-01-13 00:00:00,0.303,medium,4.21,0.022,0.67,24,v1.0.0
652,35,2026-03-08 00:00:00,0.393,high,6.59,0.206,0.925,48,v1.0.0
653,241,2026-02-10 00:00:00,0.65,medium,3.5,0.466,0.679,72,v1.0.0
654,70,2026-08-07 00:00:00,0.527,high,5.78,0.48,0.76,72,v1.0.0
655,200,2026-08-21 00:00:00,0.695,extreme,6.74,0.176,0.919,24,v1.0.0
656,282,2026-08-28 00:00:00,0.981,low,6.6,0.118,0.817,48,v1.0.0
657,23,2026-05-06 00:00:00,0.657,medium,0.91,0.493,0.848,72,v1.0.0
658,10,2026-04-26 00:00:00,0.405,low,7.27,0.117,0.989,48,v1.0.0
659,188,2026-02-03 00:00:00,0.771,high,0.1,0.452,0.844,24,v1.0.0
660,209,2026-07-09 00:00:00,0.607,medium,5.83,0.418,0.699,48,v1.0.0
661,93,2026-07-18 00:00:00,0.149,low,4.78,0.396,0.654,72,v1.0.0
662,14,2026-05-05 00:00:00,0.491,extreme,2.88,0.163,0.653,24,v1.0.0
663,250,2026-04-14 00:00:00,0.934,extreme,1.17,0.003,0.975,48,v1.0.0
664,97,2026-08-20 00:00:00,0.247,high,2.13,0.348,0.885,24,v1.0.0
665,269,2026-04-08 00:00:00,0.429,extreme,0.43,0.204,0.857,72,v1.0.0
666,139,2026-01-02 00:00:00,0.436,low,4.46,0.172,0.614,24,v1.0.0
667,269,2026-03-08 00:00:00,0.101,extreme,2.98,0.475,0.754,48,v1.0.0
668,230,2026-02-02 00:00:00,0.499,low,6.77,0.133,0.964,48,v1.0.0
669,279,2026-06-14 00:00:00,0.192,high,7.86,0.413,0.748,72,v1.0.0
670,234,2026-01-21 00:00:00,0.664,low,4.79,0.161,0.981,72,v1.0.0
671,173,2026-02-04 00:00:00,0.853,extreme,2.33,0.407,0.953,48,v1.0.0
672,181,2026-06-15 00:00:00,0.576,medium,1.68,0.076,0.808,24,v1.0.0
673,141,2026-01-16 00:00:00,0.931,high,1.85,0.441,0.993,72,v1.0.0
674,252,2026-06-03 00:00:00,0.399,low,6.4,0.108,0.758,24,v1.0.0
675,138,2026-02-04 00:00:00,0.593,low,3.03,0.182,0.868,24,v1.0.0
676,198,2026-08-07 00:00:00,0.84,high,2.52,0.02,0.85,72,v1.0.0
677,232,2026-02-22 00:00:00,0.112,extreme,5.16,0.223,0.615,72,v1.0.0
678,82,2026-03-01 00:00:00,0.494,medium,3.29,0.382,0.961,24,v1.0.0
679,169,2026-03-24 00:00:00,0.145,high,6.28,0.173,0.985,72,v1.0.0
680,122,2026-01-21 00:00:00,0.502,extreme,4.06,0.222,0.891,24,v1.0.0
681,107,2026-03-09 00:00:00,0.011,medium,4.88,0.368,0.627,48,v1.0.0
682,278,2026-08-19 00:00:00,0.688,extreme,2.92,0.445,0.905,24,v1.0.0
683,93,2026-08-08 00:00:00,0.121,low,5.8,0.405,0.882,24,v1.0.0
684,304,2026-05-24 00:00:00,0.007,low,6.11,0.285,0.954,24,v1.0.0
685,199,2026-04-27 00:00:00,0.769,high,2.83,0.238,0.788,48,v1.0.0
686,8,2026-01-24 00:00:00,0.094,medium,5.69,0.268,0.636,72,v1.0.0
687,285,2026-04-13 00:00:00,0.576,medium,6.36,0.485,0.714,48,v1.0.0
688,189,2026-01-03 00:00:00,0.416,medium,1.31,0.224,0.686,48,v1.0.0
689,32,2026-03-11 00:00:00,0.505,low,1.64,0.406,0.654,48,v1.0.0
690,296,2026-05-22 00:00:00,0.454,high,6.71,0.251,0.711,24,v1.0.0
691,123,2026-01-21 00:00:00,0.782,extreme,3.85,0.136,0.645,48,v1.0.0
692,56,2026-02-04 00:00:00,0.829,extreme,1.86,0.178,0.737,48,v1.0.0
693,212,2026-02-24 00:00:00,0.947,extreme,4.12,0.421,0.63,72,v1.0.0
694,265,2026-05-22 00:00:00,0.713,low,1.69,0.409,0.989,72,v1.0.0
695,113,2026-07-15 00:00:00,0.831,high,7.69,0.164,0.701,24,v1.0.0
696,97,2026-07-06 00:00:00,0.778,low,5.62,0.142,0.648,24,v1.0.0
697,305,2026-03-13 00:00:00,0.444,medium,0.74,0.326,0.995,72,v1.0.0
698,47,2026-06-25 00:00:00,0.878,high,4.16,0.492,0.72,72,v1.0.0
699,233,2026-05-26 00:00:00,0.173,high,5.36,0.136,0.745,48,v1.0.0
700,31,2026-07-03 00:00:00,0.466,high,5.31,0.036,0.895,24,v1.0.0
701,65,2026-03-03 00:00:00,0.086,high,2.77,0.397,0.78,48,v1.0.0
702,152,2026-04-19 00:00:00,0.143,high,0.56,0.417,0.905,48,v1.0.0
703,311,2026-08-25 00:00:00,0.173,extreme,1.44,0.346,0.928,48,v1.0.0
704,37,2026-07-10 00:00:00,0.823,high,6.12,0.123,0.771,24,v1.0.0
705,149,2026-05-21 00:00:00,0.747,medium,0.82,0.238,0.812,72,v1.0.0
706,311,2026-07-26 00:00:00,0.467,high,1.42,0.086,0.823,72,v1.0.0
707,257,2026-03-14 00:00:00,0.224,high,0.8,0.115,0.732,24,v1.0.0
708,204,2026-07-17 00:00:00,0.25,medium,4.14,0.031,0.78,24,v1.0.0
709,288,2026-08-28 00:00:00,0.093,medium,1.5,0.421,0.907,72,v1.0.0
710,214,2026-07-23 00:00:00,0.409,medium,0.82,0.479,0.917,24,v1.0.0
711,40,2026-01-10 00:00:00,0.785,extreme,3.5,0.039,0.822,72,v1.0.0
712,221,2026-03-23 00:00:00,0.238,extreme,3.97,0.231,0.88,48,v1.0.0
713,157,2026-08-11 00:00:00,0.23,high,6.31,0.08,0.749,24,v1.0.0
714,212,2026-06-12 00:00:00,0.376,medium,0.41,0.382,0.709,72,v1.0.0
715,35,2026-02-18 00:00:00,0.662,low,5.06,0.011,0.959,24,v1.0.0
716,13,2026-01-20 00:00:00,0.287,high,0.4,0.348,0.827,72,v1.0.0
717,146,2026-06-27 00:00:00,0.341,low,7.46,0.15,0.707,48,v1.0.0
718,278,2026-08-14 00:00:00,0.017,low,0.17,0.415,0.998,24,v1.0.0
719,93,2026-04-16 00:00:00,0.029,high,7.92,0.39,0.774,48,v1.0.0
720,180,2026-02-04 00:00:00,0.866,medium,6.48,0.493,0.67,24,v1.0.0
721,211,2026-03-21 00:00:00,0.641,extreme,0.37,0.099,0.822,24,v1.0.0
722,4,2026-01-06 00:00:00,0.941,high,7.1,0.298,0.661,72,v1.0.0
723,49,2026-02-09 00:00:00,0.143,extreme,3.81,0.361,0.814,24,v1.0.0
724,281,2026-03-04 00:00:00,0.426,medium,1.25,0.199,0.656,72,v1.0.0
725,251,2026-07-01 00:00:00,0.303,low,5.22,0.25,0.767,24,v1.0.0
726,229,2026-04-25 00:00:00,0.646,medium,2.61,0.234,0.994,48,v1.0.0
727,35,2026-08-13 00:00:00,0.78,low,5.54,0.083,0.722,24,v1.0.0
728,21,2026-01-05 00:00:00,0.516,low,5.35,0.068,0.993,48,v1.0.0
729,38,2026-03-28 00:00:00,0.662,medium,2.72,0.306,0.768,72,v1.0.0
730,165,2026-04-26 00:00:00,0.905,high,7.89,0.017,0.738,48,v1.0.0
731,125,2026-03-14 00:00:00,0.539,extreme,3.24,0.338,0.986,24,v1.0.0
732,64,2026-03-07 00:00:00,0.507,extreme,6.5,0.308,0.638,24,v1.0.0
733,220,2026-07-04 00:00:00,0.694,medium,6.88,0.327,0.652,72,v1.0.0
734,223,2026-05-27 00:00:00,0.428,extreme,4.48,0.498,0.932,48,v1.0.0
735,145,2026-03-24 00:00:00,0.612,high,7.17,0.305,0.995,48,v1.0.0
736,211,2026-05-10 00:00:00,0.847,extreme,6.47,0.035,0.668,24,v1.0.0
737,201,2026-07-15 00:00:00,0.533,medium,3.13,0.344,0.841,48,v1.0.0
738,22,2026-06-03 00:00:00,0.852,low,4.05,0.325,0.836,72,v1.0.0
739,144,2026-03-25 00:00:00,0.855,medium,4.27,0.414,0.697,72,v1.0.0
740,312,2026-07-24 00:00:00,0.273,medium,7.97,0.291,0.926,48,v1.0.0
741,28,2026-08-06 00:00:00,0.055,low,1.67,0.318,0.638,72,v1.0.0
742,113,2026-03-23 00:00:00,0.87,low,1.79,0.221,0.968,48,v1.0.0
743,222,2026-06-25 00:00:00,0.837,medium,5.62,0.017,0.808,72,v1.0.0
744,187,2026-08-13 00:00:00,0.686,medium,2.21,0.451,0.975,72,v1.0.0
745,291,2026-03-09 00:00:00,0.623,low,1.33,0.117,0.778,48,v1.0.0
746,105,2026-06-13 00:00:00,0.153,extreme,5.61,0.122,0.642,24,v1.0.0
747,128,2026-06-26 00:00:00,0.995,low,5.64,0.317,0.862,24,v1.0.0
748,40,2026-08-27 00:00:00,0.446,extreme,4.51,0.204,0.791,24,v1.0.0
749,13,2026-01-17 00:00:00,0.807,extreme,1.69,0.237,0.657,48,v1.0.0
750,105,2026-02-22 00:00:00,0.517,medium,6.28,0.383,0.8,24,v1.0.0
751,166,2026-02-26 00:00:00,0.479,medium,7.83,0.303,0.659,24,v1.0.0
752,8,2026-06-02 00:00:00,0.861,extreme,6.93,0.24,0.605,48,v1.0.0
753,48,2026-06-11 00:00:00,0.296,low,0.59,0.214,0.91,72,v1.0.0
754,62,2026-05-20 00:00:00,0.183,extreme,1.54,0.022,0.664,48,v1.0.0
755,303,2026-05-13 00:00:00,0.074,extreme,5.29,0.039,1.0,48,v1.0.0
756,130,2026-04-04 00:00:00,0.71,high,3.09,0.233,0.665,24,v1.0.0
757,244,2026-03-20 00:00:00,0.485,extreme,6.53,0.127,0.792,24,v1.0.0
758,297,2026-08-15 00:00:00,0.353,high,3.58,0.285,0.971,48,v1.0.0
759,135,2026-04-06 00:00:00,0.966,high,6.69,0.434,0.872,48,v1.0.0
760,75,2026-01-20 00:00:00,0.967,medium,3.88,0.134,0.875,48,v1.0.0
761,82,2026-05-21 00:00:00,0.641,low,5.27,0.455,0.701,24,v1.0.0
762,142,2026-02-19 00:00:00,0.574,high,5.56,0.283,0.696,72,v1.0.0
763,100,2026-06-23 00:00:00,0.251,low,3.13,0.222,0.937,72,v1.0.0
764,61,2026-06-04 00:00:00,0.455,extreme,2.98,0.423,0.778,24,v1.0.0
765,244,2026-05-24 00:00:00,0.794,extreme,2.48,0.074,0.747,24,v1.0.0
766,308,2026-01-11 00:00:00,0.6,low,0.82,0.283,0.736,48,v1.0.0
767,125,2026-02-08 00:00:00,0.451,extreme,3.4,0.24,0.946,72,v1.0.0
768,117,2026-05-17 00:00:00,0.725,medium,3.17,0.037,0.769,72,v1.0.0
769,195,2026-05-23 00:00:00,0.421,extreme,0.78,0.399,0.982,72,v1.0.0
770,76,2026-07-10 00:00:00,0.411,high,7.31,0.301,0.658,24,v1.0.0
771,68,2026-03-07 00:00:00,0.858,extreme,1.95,0.056,0.652,48,v1.0.0
772,142,2026-02-22 00:00:00,0.39,medium,0.47,0.166,0.6,72,v1.0.0
773,155,2026-08-12 00:00:00,0.388,medium,1.23,0.112,0.844,72,v1.0.0
774,274,2026-01-06 00:00:00,0.111,low,1.71,0.03,0.674,24,v1.0.0
775,95,2026-08-01 00:00:00,0.261,medium,3.55,0.383,0.84,48,v1.0.0
776,229,2026-04-01 00:00:00,0.329,extreme,4.43,0.284,0.995,72,v1.0.0
777,80,2026-06-12 00:00:00,0.309,high,0.38,0.426,0.684,72,v1.0.0
778,168,2026-07-25 00:00:00,0.155,extreme,6.48,0.07,0.859,24,v1.0.0
779,211,2026-02-02 00:00:00,0.799,high,3.29,0.474,0.785,48,v1.0.0
780,175,2026-07-21 00:00:00,0.492,high,4.35,0.328,0.655,48,v1.0.0
781,124,2026-05-12 00:00:00,0.886,medium,7.84,0.473,0.601,48,v1.0.0
782,93,2026-02-12 00:00:00,0.464,extreme,8.0,0.311,0.999,72,v1.0.0
783,183,2026-03-04 00:00:00,0.435,low,3.36,0.176,0.865,72,v1.0.0
784,313,2026-07-06 00:00:00,0.137,high,7.47,0.475,0.802,24,v1.0.0
785,65,2026-03-05 00:00:00,0.682,medium,3.91,0.041,0.741,72,v1.0.0
786,252,2026-06-19 00:00:00,0.759,medium,3.82,0.232,0.979,72,v1.0.0
787,268,2026-02-04 00:00:00,0.941,low,2.79,0.062,0.861,48,v1.0.0
788,126,2026-06-21 00:00:00,0.678,medium,5.07,0.211,0.847,24,v1.0.0
789,129,2026-04-23 00:00:00,0.932,medium,2.76,0.096,0.775,48,v1.0.0
790,130,2026-03-18 00:00:00,0.824,extreme,7.77,0.253,0.744,24,v1.0.0
791,289,2026-03-28 00:00:00,0.494,low,2.27,0.135,0.915,48,v1.0.0
792,106,2026-03-16 00:00:00,0.514,medium,5.56,0.235,0.62,72,v1.0.0
793,144,2026-02-07 00:00:00,0.003,low,1.59,0.194,0.906,48,v1.0.0
794,189,2026-05-14 00:00:00,0.4,low,0.82,0.019,0.74,48,v1.0.0
795,38,2026-05-11 00:00:00,0.983,high,2.3,0.319,0.825,24,v1.0.0
796,294,2026-02-06 00:00:00,0.905,high,4.0,0.261,0.637,24,v1.0.0
797,159,2026-06-04 00:00:00,0.936,low,3.07,0.165,0.711,48,v1.0.0
798,52,2026-03-24 00:00:00,0.936,low,0.4,0.004,0.673,24,v1.0.0
799,148,2026-05-01 00:00:00,0.738,medium,3.52,0.139,0.824,24,v1.0.0
800,42,2026-05-27 00:00:00,0.109,low,4.01,0.156,0.906,72,v1.0.0
801,230,2026-05-12 00:00:00,0.328,low,4.92,0.237,0.878,72,v1.0.0
802,275,2026-03-17 00:00:00,0.177,low,1.84,0.311,0.887,72,v1.0.0
803,292,2026-08-06 00:00:00,0.843,high,7.95,0.412,0.874,72,v1.0.0
804,145,2026-07-25 00:00:00,0.983,high,3.45,0.246,0.86,72,v1.0.0
805,239,2026-06-08 00:00:00,0.753,extreme,1.85,0.188,0.82,48,v1.0.0
806,96,2026-06-15 00:00:00,0.042,high,3.27,0.084,0.976,72,v1.0.0
807,179,2026-01-27 00:00:00,0.254,low,1.76,0.182,0.699,24,v1.0.0
808,192,2026-01-16 00:00:00,0.219,high,0.39,0.175,0.767,24,v1.0.0
809,251,2026-04-05 00:00:00,0.375,high,2.6,0.166,0.778,24,v1.0.0
810,217,2026-06-07 00:00:00,0.339,medium,2.51,0.43,0.705,24,v1.0.0
811,312,2026-02-09 00:00:00,0.614,medium,7.04,0.009,0.928,48,v1.0.0
812,126,2026-08-11 00:00:00,0.811,low,1.75,0.372,0.998,24,v1.0.0
813,94,2026-04-14 00:00:00,0.317,high,1.39,0.188,0.8,24,v1.0.0
814,129,2026-07-17 00:00:00,0.524,extreme,0.91,0.488,0.927,48,v1.0.0
815,193,2026-08-26 00:00:00,0.934,extreme,6.28,0.124,0.915,48,v1.0.0
816,129,2026-04-13 00:00:00,0.294,low,0.53,0.431,0.959,24,v1.0.0
817,188,2026-03-19 00:00:00,0.579,medium,3.22,0.361,0.674,72,v1.0.0
818,193,2026-07-22 00:00:00,0.312,high,0.52,0.291,0.875,72,v1.0.0
819,191,2026-05-04 00:00:00,0.783,low,4.09,0.406,0.8,24,v1.0.0
820,257,2026-08-05 00:00:00,0.123,low,0.42,0.03,0.903,72,v1.0.0
821,85,2026-06-11 00:00:00,0.099,medium,0.52,0.146,0.907,24,v1.0.0
822,178,2026-03-05 00:00:00,0.031,high,2.76,0.285,0.91,48,v1.0.0
823,125,2026-03-24 00:00:00,0.983,medium,2.7,0.299,0.984,24,v1.0.0
824,141,2026-02-08 00:00:00,0.008,medium,1.76,0.178,0.655,48,v1.0.0
825,112,2026-03-18 00:00:00,0.948,extreme,5.8,0.358,0.725,72,v1.0.0
826,100,2026-04-17 00:00:00,0.445,high,7.39,0.251,0.85,48,v1.0.0
827,82,2026-03-09 00:00:00,0.658,extreme,2.86,0.21,0.748,24,v1.0.0
828,29,2026-04-02 00:00:00,0.071,extreme,3.1,0.09,0.714,72,v1.0.0
829,2,2026-03-02 00:00:00,0.202,high,5.72,0.414,0.919,48,v1.0.0
830,51,2026-04-06 00:00:00,0.604,low,0.83,0.172,0.867,24,v1.0.0
831,254,2026-04-26 00:00:00,0.918,extreme,5.44,0.459,0.728,48,v1.0.0
832,251,2026-08-16 00:00:00,0.878,low,6.95,0.12,0.783,48,v1.0.0
833,190,2026-06-13 00:00:00,0.786,extreme,5.66,0.435,0.835,48,v1.0.0
834,9,2026-01-17 00:00:00,0.174,extreme,5.08,0.426,0.738,48,v1.0.0
835,234,2026-08-25 00:00:00,0.273,medium,6.12,0.17,0.731,48,v1.0.0
836,179,2026-05-23 00:00:00,0.53,high,4.47,0.102,0.649,72,v1.0.0
837,219,2026-06-07 00:00:00,0.65,extreme,7.09,0.036,0.823,24,v1.0.0
838,198,2026-05-02 00:00:00,0.796,low,4.13,0.385,0.973,72,v1.0.0
839,251,2026-06-26 00:00:00,0.168,extreme,1.1,0.457,0.985,24,v1.0.0
840,293,2026-08-12 00:00:00,0.301,low,4.99,0.012,0.986,24,v1.0.0
841,69,2026-08-21 00:00:00,0.033,extreme,6.39,0.415,0.983,72,v1.0.0
842,143,2026-05-20 00:00:00,0.454,extreme,3.32,0.049,0.702,48,v1.0.0
843,65,2026-02-17 00:00:00,0.283,low,3.68,0.068,0.89,24,v1.0.0
844,269,2026-02-09 00:00:00,0.509,medium,6.17,0.316,0.727,72,v1.0.0
845,250,2026-08-10 00:00:00,0.666,high,3.68,0.169,0.683,48,v1.0.0
846,47,2026-04-11 00:00:00,0.717,extreme,3.71,0.207,0.691,24,v1.0.0
847,203,2026-08-24 00:00:00,0.482,extreme,7.47,0.314,0.686,24,v1.0.0
848,274,2026-02-01 00:00:00,0.901,medium,0.43,0.214,0.617,72,v1.0.0
849,247,2026-04-27 00:00:00,0.114,extreme,2.43,0.034,0.752,72,v1.0.0
850,119,2026-08-17 00:00:00,0.7,low,2.27,0.374,0.957,48,v1.0.0
851,99,2026-05-24 00:00:00,0.71,medium,2.72,0.436,0.695,24,v1.0.0
852,202,2026-03-17 00:00:00,0.641,medium,6.36,0.314,0.692,48,v1.0.0
853,103,2026-03-16 00:00:00,0.076,high,6.82,0.429,0.922,72,v1.0.0
854,191,2026-03-26 00:00:00,0.59,medium,3.08,0.294,0.806,24,v1.0.0
855,154,2026-04-10 00:00:00,0.154,medium,1.4,0.451,0.825,48,v1.0.0
856,275,2026-05-21 00:00:00,0.339,high,7.32,0.358,0.683,48,v1.0.0
857,296,2026-08-15 00:00:00,0.789,extreme,5.93,0.045,0.827,48,v1.0.0
858,157,2026-05-05 00:00:00,0.889,extreme,3.47,0.246,0.664,48,v1.0.0
859,245,2026-02-09 00:00:00,0.283,high,6.18,0.011,0.757,24,v1.0.0
860,101,2026-02-13 00:00:00,0.007,high,6.1,0.009,0.786,48,v1.0.0
861,148,2026-08-10 00:00:00,0.752,high,7.48,0.171,0.995,24,v1.0.0
862,32,2026-05-14 00:00:00,0.237,high,0.58,0.34,0.936,24,v1.0.0
863,285,2026-07-23 00:00:00,0.378,low,1.65,0.262,0.773,48,v1.0.0
864,50,2026-03-26 00:00:00,0.353,high,2.65,0.283,0.919,72,v1.0.0
865,20,2026-05-07 00:00:00,0.694,medium,7.34,0.26,0.825,72,v1.0.0
866,12,2026-03-05 00:00:00,0.147,low,3.04,0.257,0.811,48,v1.0.0
867,18,2026-06-03 00:00:00,0.223,low,5.2,0.411,0.654,48,v1.0.0
868,78,2026-05-17 00:00:00,0.496,medium,4.22,0.327,0.603,72,v1.0.0
869,154,2026-04-05 00:00:00,0.08,medium,3.08,0.117,0.88,24,v1.0.0
870,50,2026-01-06 00:00:00,0.401,extreme,4.88,0.462,0.894,24,v1.0.0
871,243,2026-02-24 00:00:00,0.034,extreme,3.03,0.154,0.621,72,v1.0.0
872,178,2026-02-21 00:00:00,0.665,medium,3.7,0.497,0.724,72,v1.0.0
873,85,2026-05-12 00:00:00,0.192,extreme,4.11,0.458,0.929,24,v1.0.0
874,30,2026-05-11 00:00:00,0.534,medium,5.57,0.37,0.974,72,v1.0.0
875,200,2026-02-04 00:00:00,0.885,extreme,5.5,0.418,0.7,48,v1.0.0
876,3,2026-04-18 00:00:00,0.462,extreme,1.27,0.274,0.605,72,v1.0.0
877,210,2026-07-23 00:00:00,0.697,low,7.28,0.383,0.675,48,v1.0.0
878,233,2026-05-24 00:00:00,0.041,high,6.35,0.383,0.755,24,v1.0.0
879,42,2026-07-28 00:00:00,0.76,low,6.43,0.001,0.962,48,v1.0.0
880,291,2026-01-04 00:00:00,0.197,high,4.62,0.244,0.934,24,v1.0.0
881,54,2026-06-12 00:00:00,0.156,medium,7.23,0.294,0.747,72,v1.0.0
882,5,2026-02-09 00:00:00,0.839,low,6.75,0.389,0.675,24,v1.0.0
883,161,2026-04-21 00:00:00,0.565,low,2.29,0.183,0.618,72,v1.0.0
884,144,2026-01-01 00:00:00,0.056,extreme,7.23,0.198,0.987,24,v1.0.0
885,75,2026-06-10 00:00:00,0.524,extreme,3.59,0.236,0.761,24,v1.0.0
886,5,2026-06-06 00:00:00,0.283,medium,1.52,0.109,0.932,48,v1.0.0
887,76,2026-08-05 00:00:00,0.286,low,0.61,0.239,0.638,24,v1.0.0
888,296,2026-02-21 00:00:00,0.185,high,2.35,0.254,0.96,48,v1.0.0
889,295,2026-08-04 00:00:00,0.891,low,4.38,0.179,0.833,48,v1.0.0
890,39,2026-07-07 00:00:00,0.77,extreme,7.76,0.386,0.923,24,v1.0.0
891,121,2026-05-14 00:00:00,0.855,high,2.61,0.075,0.903,72,v1.0.0
892,300,2026-01-02 00:00:00,0.569,low,0.18,0.242,0.952,48,v1.0.0
893,113,2026-08-19 00:00:00,0.828,extreme,2.77,0.088,0.933,72,v1.0.0
894,241,2026-08-23 00:00:00,0.657,medium,7.94,0.289,0.659,72,v1.0.0
895,196,2026-07-01 00:00:00,0.979,extreme,0.14,0.215,0.894,48,v1.0.0
896,113,2026-04-09 00:00:00,0.507,low,7.51,0.294,0.85,72,v1.0.0
897,23,2026-01-07 00:00:00,0.122,low,6.27,0.28,0.633,48,v1.0.0
898,97,2026-03-10 00:00:00,0.042,extreme,6.78,0.396,0.867,48,v1.0.0
899,112,2026-02-19 00:00:00,0.027,medium,2.38,0.138,0.604,48,v1.0.0
900,74,2026-04-28 00:00:00,0.312,extreme,5.21,0.498,0.605,48,v1.0.0
901,228,2026-04-23 00:00:00,0.107,extreme,1.86,0.188,0.787,72,v1.0.0
902,93,2026-05-05 00:00:00,0.433,medium,2.56,0.381,0.967,72,v1.0.0
903,247,2026-06-16 00:00:00,0.139,high,3.22,0.405,0.762,48,v1.0.0
904,170,2026-01-18 00:00:00,0.498,medium,0.51,0.35,0.775,72,v1.0.0
905,282,2026-04-04 00:00:00,0.029,low,0.1,0.468,0.875,72,v1.0.0
906,119,2026-03-19 00:00:00,0.051,high,2.0,0.393,0.931,48,v1.0.0
907,102,2026-06-26 00:00:00,0.618,extreme,2.02,0.316,0.696,72,v1.0.0
908,274,2026-01-20 00:00:00,0.401,high,7.17,0.477,0.775,48,v1.0.0
909,265,2026-07-11 00:00:00,0.698,medium,4.42,0.36,0.906,24,v1.0.0
910,155,2026-04-26 00:00:00,0.636,high,6.07,0.44,0.663,72,v1.0.0
911,137,2026-01-05 00:00:00,0.142,high,3.98,0.234,0.754,72,v1.0.0
912,30,2026-06-18 00:00:00,0.814,extreme,2.04,0.465,0.966,48,v1.0.0
913,93,2026-07-24 00:00:00,0.919,high,0.25,0.181,0.842,72,v1.0.0
914,57,2026-04-09 00:00:00,0.837,extreme,5.75,0.424,0.752,24,v1.0.0
915,15,2026-05-28 00:00:00,0.345,high,2.2,0.016,0.818,24,v1.0.0
916,155,2026-05-18 00:00:00,0.97,high,4.23,0.048,0.703,24,v1.0.0
917,16,2026-02-23 00:00:00,0.202,high,0.69,0.303,0.931,72,v1.0.0
918,194,2026-08-20 00:00:00,0.877,low,1.35,0.189,0.999,48,v1.0.0
919,21,2026-07-05 00:00:00,0.076,high,1.95,0.24,0.993,72,v1.0.0
920,301,2026-06-02 00:00:00,0.804,medium,7.39,0.028,0.922,72,v1.0.0
921,94,2026-03-19 00:00:00,0.992,low,3.38,0.434,0.999,24,v1.0.0
922,265,2026-06-24 00:00:00,0.826,high,2.49,0.078,0.997,48,v1.0.0
923,51,2026-04-11 00:00:00,0.289,high,7.91,0.371,0.619,24,v1.0.0
924,52,2026-05-17 00:00:00,0.364,medium,4.5,0.208,0.973,24,v1.0.0
925,304,2026-03-21 00:00:00,0.482,high,3.95,0.235,0.924,48,v1.0.0
926,249,2026-02-04 00:00:00,0.274,high,0.6,0.243,0.666,24,v1.0.0
927,233,2026-01-09 00:00:00,0.174,extreme,7.48,0.365,0.884,72,v1.0.0
928,41,2026-02-26 00:00:00,0.558,high,5.56,0.074,0.987,24,v1.0.0
929,44,2026-05-24 00:00:00,0.222,extreme,0.54,0.082,0.642,24,v1.0.0
930,9,2026-08-22 00:00:00,0.411,medium,0.13,0.005,0.608,72,v1.0.0
931,258,2026-08-14 00:00:00,0.297,medium,0.54,0.398,0.971,24,v1.0.0
932,48,2026-08-10 00:00:00,0.54,high,1.34,0.229,0.729,24,v1.0.0
933,235,2026-08-09 00:00:00,0.441,medium,6.86,0.415,0.688,72,v1.0.0
934,296,2026-08-02 00:00:00,0.512,medium,0.97,0.407,0.717,24,v1.0.0
935,98,2026-08-17 00:00:00,0.189,low,4.46,0.2,0.999,72,v1.0.0
936,216,2026-02-11 00:00:00,0.976,extreme,7.87,0.103,0.745,48,v1.0.0
937,128,2026-05-23 00:00:00,0.107,high,1.67,0.372,0.971,48,v1.0.0
938,78,2026-02-11 00:00:00,0.145,extreme,1.63,0.066,0.92,48,v1.0.0
939,50,2026-07-27 00:00:00,0.87,high,7.49,0.065,0.931,48,v1.0.0
940,263,2026-04-12 00:00:00,0.786,low,3.41,0.309,0.794,72,v1.0.0
941,185,2026-08-11 00:00:00,0.149,extreme,6.19,0.281,0.72,24,v1.0.0
942,82,2026-02-03 00:00:00,0.825,medium,1.81,0.358,0.669,72,v1.0.0
943,38,2026-06-21 00:00:00,0.535,low,6.76,0.066,0.905,24,v1.0.0
944,260,2026-06-01 00:00:00,0.364,high,2.14,0.289,0.922,24,v1.0.0
945,259,2026-08-04 00:00:00,0.585,low,5.79,0.333,0.655,24,v1.0.0
946,5,2026-07-23 00:00:00,0.923,high,1.64,0.404,0.91,24,v1.0.0
947,49,2026-08-28 00:00:00,0.043,extreme,2.4,0.032,0.732,72,v1.0.0
948,209,2026-06-20 00:00:00,0.873,extreme,0.47,0.411,0.714,72,v1.0.0
949,13,2026-01-15 00:00:00,0.903,high,2.53,0.487,0.776,48,v1.0.0
950,288,2026-02-05 00:00:00,0.991,low,1.02,0.249,0.822,48,v1.0.0
951,58,2026-04-17 00:00:00,0.701,high,0.58,0.332,0.617,48,v1.0.0
952,18,2026-05-27 00:00:00,0.055,low,5.67,0.235,0.702,72,v1.0.0
953,15,2026-03-23 00:00:00,0.598,low,3.18,0.274,0.653,24,v1.0.0
954,157,2026-07-07 00:00:00,0.074,medium,6.85,0.09,0.813,24,v1.0.0
955,298,2026-08-04 00:00:00,0.46,high,0.66,0.231,0.648,48,v1.0.0
956,80,2026-08-20 00:00:00,0.571,high,2.31,0.316,0.862,72,v1.0.0
957,45,2026-05-18 00:00:00,0.283,low,1.65,0.342,0.697,72,v1.0.0
958,8,2026-01-17 00:00:00,0.92,low,1.83,0.075,0.91,72,v1.0.0
959,291,2026-07-04 00:00:00,0.357,extreme,5.37,0.451,0.769,48,v1.0.0
960,142,2026-02-15 00:00:00,0.134,high,4.01,0.069,0.749,24,v1.0.0
961,27,2026-01-04 00:00:00,0.337,medium,3.31,0.106,0.99,48,v1.0.0
962,300,2026-07-08 00:00:00,0.515,high,7.83,0.492,0.902,72,v1.0.0
963,236,2026-07-16 00:00:00,0.821,high,4.0,0.031,0.734,48,v1.0.0
964,92,2026-01-12 00:00:00,0.643,low,4.43,0.266,0.787,48,v1.0.0
965,33,2026-04-21 00:00:00,0.202,high,2.16,0.283,0.704,24,v1.0.0
966,160,2026-01-14 00:00:00,0.225,medium,1.17,0.066,0.769,48,v1.0.0
967,191,2026-08-26 00:00:00,0.269,low,6.68,0.428,0.633,72,v1.0.0
968,72,2026-04-15 00:00:00,0.276,high,7.65,0.489,0.926,48,v1.0.0
969,123,2026-07-27 00:00:00,0.698,high,7.07,0.141,0.908,72,v1.0.0
970,66,2026-02-21 00:00:00,0.429,extreme,0.98,0.089,0.657,24,v1.0.0
971,252,2026-02-26 00:00:00,0.678,low,1.05,0.476,0.888,72,v1.0.0
972,140,2026-03-22 00:00:00,0.817,low,2.88,0.155,0.804,48,v1.0.0
973,148,2026-02-16 00:00:00,0.986,extreme,2.93,0.416,0.732,24,v1.0.0
974,269,2026-07-20 00:00:00,0.302,high,3.96,0.25,0.872,24,v1.0.0
975,263,2026-05-18 00:00:00,0.529,medium,2.96,0.299,0.948,48,v1.0.0
976,222,2026-06-18 00:00:00,0.872,high,7.5,0.073,0.845,72,v1.0.0
977,36,2026-05-14 00:00:00,0.726,medium,5.17,0.341,0.934,24,v1.0.0
978,94,2026-02-28 00:00:00,0.583,medium,2.86,0.124,0.894,72,v1.0.0
979,16,2026-06-18 00:00:00,0.756,low,3.42,0.326,0.7,48,v1.0.0
980,207,2026-08-25 00:00:00,0.204,extreme,4.51,0.356,0.678,48,v1.0.0
981,305,2026-05-21 00:00:00,0.419,high,4.36,0.322,0.843,48,v1.0.0
982,167,2026-07-03 00:00:00,0.36,high,3.05,0.021,0.774,24,v1.0.0
983,178,2026-06-06 00:00:00,0.353,medium,0.55,0.405,0.893,24,v1.0.0
984,272,2026-08-15 00:00:00,0.481,low,4.18,0.045,0.732,48,v1.0.0
985,121,2026-06-22 00:00:00,0.563,medium,1.19,0.356,0.669,24,v1.0.0
986,258,2026-03-03 00:00:00,0.208,extreme,0.73,0.168,0.955,48,v1.0.0
987,106,2026-03-19 00:00:00,0.723,high,7.11,0.14,0.779,24,v1.0.0
988,163,2026-03-15 00:00:00,0.541,extreme,5.03,0.157,0.832,24,v1.0.0
989,207,2026-02-28 00:00:00,0.378,high,6.93,0.293,0.702,24,v1.0.0
990,100,2026-07-09 00:00:00,0.132,extreme,0.4,0.472,0.921,24,v1.0.0
991,180,2026-01-25 00:00:00,0.144,high,1.05,0.433,0.762,72,v1.0.0
992,181,2026-08-16 00:00:00,0.419,low,6.13,0.038,0.915,48,v1.0.0
993,232,2026-02-10 00:00:00,0.09,low,3.17,0.005,0.71,72,v1.0.0
994,199,2026-07-21 00:00:00,0.749,high,1.52,0.436,0.755,72,v1.0.0
995,192,2026-07-17 00:00:00,0.86,extreme,5.22,0.163,0.939,48,v1.0.0
996,2,2026-05-18 00:00:00,0.331,low,6.83,0.445,0.841,48,v1.0.0
997,245,2026-05-14 00:00:00,0.525,extreme,0.49,0.332,0.742,48,v1.0.0
998,119,2026-06-25 00:00:00,0.042,high,0.82,0.011,0.791,24,v1.0.0
999,125,2026-06-23 00:00:00,0.683,extreme,0.46,0.286,0.603,72,v1.0.0
1000,266,2026-01-16 00:00:00,0.328,medium,6.12,0.123,0.963,72,v1.0.0
